id,unit,unit_title,module,module_title,topic,syllabus_ref,difficulty,cognitive,type,stem,option_a,option_b,option_c,option_d,answer,explanation,marks,numeric_value,numeric_unit,source_note
CE-001,1,Microeconomics,1,Methodology: Demand and Supply,Central Problem of Economics,1.1.1,Easy,knowledge,mcq,"A good is scarce, in the economic sense, when",everyone already has as much as they want,more of it is wanted than is freely available at a zero price,it cannot be produced by labour,it has no opportunity cost,B,"Scarcity means wants exceed availability at a zero price, so the good has an opportunity cost. A free good does not.",1,,,"Original classroom item aligned to CAPE Economics syllabus CXC A20/U2/26 (effective for examinations from May–June 2027). Not a CXC past-paper or specimen item. Figures, where used, are fictional."
CE-002,1,Microeconomics,1,Methodology: Demand and Supply,Central Problem of Economics,1.1.1,Easy,knowledge,mcq,A production possibility frontier shows,the prices consumers are willing to pay,only the goods that are imported,the maximum combinations of two goods that can be produced when resources are fully and efficiently employed,combinations that are always inside the country's budget,C,"The PPF is a boundary of maximum output of two goods, given resources and technology, with full employment of those resources.",1,,,"Original classroom item aligned to CAPE Economics syllabus CXC A20/U2/26 (effective for examinations from May–June 2027). Not a CXC past-paper or specimen item. Figures, where used, are fictional."
CE-003,1,Microeconomics,1,Methodology: Demand and Supply,Central Problem of Economics,1.1.1,Easy,knowledge,mcq,Opportunity cost is,the sum of money spent on every alternative,a cost that is always zero in a mixed economy,the next best alternative given up when a choice is made,the total output of the economy,C,"Opportunity cost is the value of the best forgone alternative, not every alternative added together.",1,,,"Original classroom item aligned to CAPE Economics syllabus CXC A20/U2/26 (effective for examinations from May–June 2027). Not a CXC past-paper or specimen item. Figures, where used, are fictional."
CE-004,1,Microeconomics,1,Methodology: Demand and Supply,Central Problem of Economics,1.1.1,Easy,knowledge,mcq,The three basic choices for an economy are,"what to consume, how to save, and for whom to lend abroad only","what to tax, how to vote, and for whom to export only","what the central bank prints, how banks advertise, and for whom interest is paid","what to produce, how to produce, and for whom to produce",D,"Scarcity forces every economy to decide what is produced, which methods are used, and who receives the output.",1,,,"Original classroom item aligned to CAPE Economics syllabus CXC A20/U2/26 (effective for examinations from May–June 2027). Not a CXC past-paper or specimen item. Figures, where used, are fictional."
CE-005,1,Microeconomics,1,Methodology: Demand and Supply,Central Problem of Economics,1.1.1,Easy,knowledge,mcq,Which contrast between microeconomics and macroeconomics is correct?,Microeconomics studies inflation only; macroeconomics studies one firm only,Macroeconomics ignores national income and studies only one household,Microeconomics studies individual markets; macroeconomics studies the economy as a whole,Both study only the foreign-exchange market,C,"Microeconomics looks at households, firms and particular markets. Macroeconomics looks at aggregates such as national income, inflation and unemployment.",1,,,"Original classroom item aligned to CAPE Economics syllabus CXC A20/U2/26 (effective for examinations from May–June 2027). Not a CXC past-paper or specimen item. Figures, where used, are fictional."
CE-006,1,Microeconomics,1,Methodology: Demand and Supply,Central Problem of Economics,1.1.1,Easy,knowledge,mcq,Which statement best defines economics as it is used in this syllabus?,The study of how banks set every price in a modern economy,The study of unlimited resources and limited human wants,The recording of government tax revenue only,The study of how scarce resources are allocated among competing uses,D,"Economics starts from scarcity: wants exceed the resources available, so choice is unavoidable.",1,,,"Original classroom item aligned to CAPE Economics syllabus CXC A20/U2/26 (effective for examinations from May–June 2027). Not a CXC past-paper or specimen item. Figures, where used, are fictional."
CE-007,1,Microeconomics,1,Methodology: Demand and Supply,Central Problem of Economics,1.1.1,Medium,application,mcq,A point inside the production possibility frontier of Westford indicates,unemployment or inefficient use of existing resources,a combination that is impossible with current resources,productive efficiency,an improvement in technology,A,Points inside the frontier are attainable but inefficient. Points on the frontier are efficient. Points outside are unattainable with current resources.,1,,,"Original classroom item aligned to CAPE Economics syllabus CXC A20/U2/26 (effective for examinations from May–June 2027). Not a CXC past-paper or specimen item. Figures, where used, are fictional."
CE-008,1,Microeconomics,1,Methodology: Demand and Supply,Central Problem of Economics,1.1.1,Medium,application,mcq,A point outside the current production possibility frontier is,the equilibrium of demand and supply,proof that the economy is in recession,always preferred by consumers to a point on the frontier,unattainable with present resources and technology,D,The frontier is the maximum. Output beyond it needs more resources or better technology.,1,,,"Original classroom item aligned to CAPE Economics syllabus CXC A20/U2/26 (effective for examinations from May–June 2027). Not a CXC past-paper or specimen item. Figures, where used, are fictional."
CE-009,1,Microeconomics,1,Methodology: Demand and Supply,Central Problem of Economics,1.1.1,Easy,application,mcq,Air at the roadside in Port Clare is freely available and nobody has to give anything up to breathe it. In economics this air is best treated as,a public good that must be rationed by price,a factor of production called enterprise,an economic good,a free good,D,A free good is not scarce. An economic good requires a sacrifice of something else.,1,,,"Original classroom item aligned to CAPE Economics syllabus CXC A20/U2/26 (effective for examinations from May–June 2027). Not a CXC past-paper or specimen item. Figures, where used, are fictional."
CE-010,1,Microeconomics,1,Methodology: Demand and Supply,Central Problem of Economics,1.1.1,Medium,application,mcq,The government of St Brice spends a given budget on a new clinic and therefore postpones a harbour repair. The opportunity cost of the clinic is,the wages of nurses in other countries,the sum of every project the government has ever discussed,"zero, because the clinic is useful",the harbour repair that was given up,D,"The opportunity cost of a choice is the next best alternative forgone, here the harbour repair.",1,,,"Original classroom item aligned to CAPE Economics syllabus CXC A20/U2/26 (effective for examinations from May–June 2027). Not a CXC past-paper or specimen item. Figures, where used, are fictional."
CE-011,1,Microeconomics,1,Methodology: Demand and Supply,Central Problem of Economics,1.1.1,Easy,application,mcq,Which statement is normative?,Harbour Cay produced 20 000 tonnes of fish last year in this classroom example,The government of Harbour Cay ought to subsidise school meals,The marginal propensity to consume is the change in consumption divided by the change in income,A price ceiling set below equilibrium causes a shortage,B,A normative statement contains a value judgement such as 'ought'. The other statements are positive: they can be tested.,1,,,"Original classroom item aligned to CAPE Economics syllabus CXC A20/U2/26 (effective for examinations from May–June 2027). Not a CXC past-paper or specimen item. Figures, where used, are fictional."
CE-012,1,Microeconomics,1,Methodology: Demand and Supply,Central Problem of Economics,1.1.1,Medium,application,mcq,Which statement is positive?,The government must always prefer equality to growth,The minimum wage is unfair and should be abolished,Tourism is a better industry than farming,A rise in the minimum wage in a competitive labour market reduces the quantity of labour demanded,D,"A positive statement is a testable claim. Saying a policy is unfair, better, or must be preferred is normative.",1,,,"Original classroom item aligned to CAPE Economics syllabus CXC A20/U2/26 (effective for examinations from May–June 2027). Not a CXC past-paper or specimen item. Figures, where used, are fictional."
CE-013,1,Microeconomics,1,Methodology: Demand and Supply,Central Problem of Economics,1.1.1,Medium,calculation,mcq,"A fully employed economy in Maren Island can produce the combinations A (0 tonnes of fish and 40 tonnes of yams) and B (8 tonnes of fish and 24 tonnes of yams). Moving from A to B, the opportunity cost of one extra tonne of fish is",16 tonnes of yams,8 tonnes of yams,2 tonnes of yams,0.5 tonnes of yams,C,"Extra fish is 8 tonnes and yams given up is 16 tonnes, so the opportunity cost per tonne of fish is 16/8 = 2 tonnes of yams.",1,2,tonnes of yams per tonne of fish,"Original classroom item aligned to CAPE Economics syllabus CXC A20/U2/26 (effective for examinations from May–June 2027). Not a CXC past-paper or specimen item. Figures, where used, are fictional."
CE-014,1,Microeconomics,1,Methodology: Demand and Supply,Central Problem of Economics,1.1.1,Medium,calculation,mcq,"A fully employed economy in Port Clare can produce the combinations A (10 tonnes of cocoa and 50 tonnes of breadfruit) and B (20 tonnes of cocoa and 30 tonnes of breadfruit). Moving from A to B, the opportunity cost of one extra tonne of cocoa is",2 tonnes of breadfruit,10 tonnes of breadfruit,0.5 tonnes of breadfruit,20 tonnes of breadfruit,A,"Extra cocoa is 10 tonnes and breadfruit given up is 20 tonnes, so the opportunity cost per tonne of cocoa is 20/10 = 2 tonnes of breadfruit.",1,2,tonnes of breadfruit per tonne of cocoa,"Original classroom item aligned to CAPE Economics syllabus CXC A20/U2/26 (effective for examinations from May–June 2027). Not a CXC past-paper or specimen item. Figures, where used, are fictional."
CE-015,1,Microeconomics,1,Methodology: Demand and Supply,Central Problem of Economics,1.1.1,Medium,calculation,mcq,"A fully employed economy in St Brice can produce the combinations A (0 tonnes of cocoa and 60 tonnes of breadfruit) and B (10 tonnes of cocoa and 40 tonnes of breadfruit). Moving from A to B, the opportunity cost of one extra tonne of cocoa is",10 tonnes of breadfruit,20 tonnes of breadfruit,2 tonnes of breadfruit,0.5 tonnes of breadfruit,C,"Extra cocoa is 10 tonnes and breadfruit given up is 20 tonnes, so the opportunity cost per tonne of cocoa is 20/10 = 2 tonnes of breadfruit.",1,2,tonnes of breadfruit per tonne of cocoa,"Original classroom item aligned to CAPE Economics syllabus CXC A20/U2/26 (effective for examinations from May–June 2027). Not a CXC past-paper or specimen item. Figures, where used, are fictional."
CE-016,1,Microeconomics,1,Methodology: Demand and Supply,Market Equilibrium,1.1.4,Easy,knowledge,mcq,A market is in equilibrium when,producers hold unwanted stocks that keep growing,quantity demanded equals quantity supplied,the government fixes a price below the market-clearing price,price is zero,B,"Equilibrium is the price at which planned purchases equal planned sales, so there is no tendency for the price to change.",1,,,"Original classroom item aligned to CAPE Economics syllabus CXC A20/U2/26 (effective for examinations from May–June 2027). Not a CXC past-paper or specimen item. Figures, where used, are fictional."
CE-017,1,Microeconomics,1,Methodology: Demand and Supply,Market Equilibrium,1.1.4,Hard,knowledge,mcq,A specific tax is levied on producers. Which statement is correct?,The tax shifts demand to the right,"Buyers always pay the entire tax, whatever the elasticities","Sellers always pay the entire tax, whatever the elasticities","The price buyers pay rises and the price sellers keep falls, and the more inelastic side of the market bears more of the tax",D,The tax drives a wedge between the price buyers pay and the price sellers receive. Incidence depends on relative elasticities: the less elastic side bears more.,1,,,"Original classroom item aligned to CAPE Economics syllabus CXC A20/U2/26 (effective for examinations from May–June 2027). Not a CXC past-paper or specimen item. Figures, where used, are fictional."
CE-018,1,Microeconomics,1,Methodology: Demand and Supply,Market Equilibrium,1.1.4,Medium,application,mcq,A minimum price is set above equilibrium. The result is,"no change, because a floor above equilibrium does not bind",a surplus,a shortage,an increase in quantity demanded above quantity supplied,B,"A price floor above equilibrium is binding. At that higher price, quantity supplied exceeds quantity demanded.",1,,,"Original classroom item aligned to CAPE Economics syllabus CXC A20/U2/26 (effective for examinations from May–June 2027). Not a CXC past-paper or specimen item. Figures, where used, are fictional."
CE-019,1,Microeconomics,1,Methodology: Demand and Supply,Market Equilibrium,1.1.4,Medium,application,mcq,A price ceiling is set above the equilibrium price. The ceiling,is non-binding and the market stays at the equilibrium price,causes a surplus,forces the price down to zero,causes a shortage,A,A maximum price above the price that the market would set does not constrain buyers and sellers.,1,,,"Original classroom item aligned to CAPE Economics syllabus CXC A20/U2/26 (effective for examinations from May–June 2027). Not a CXC past-paper or specimen item. Figures, where used, are fictional."
CE-020,1,Microeconomics,1,Methodology: Demand and Supply,Market Equilibrium,1.1.4,Medium,application,mcq,A price ceiling is set below the equilibrium price. The result is,a quantity traded equal to quantity demanded,a surplus,"a shortage, and the quantity traded is the quantity supplied","no effect, because a ceiling below equilibrium is non-binding",C,"A maximum price below equilibrium is binding. Quantity demanded exceeds quantity supplied, and trade is limited by the smaller amount, which is quantity supplied.",1,,,"Original classroom item aligned to CAPE Economics syllabus CXC A20/U2/26 (effective for examinations from May–June 2027). Not a CXC past-paper or specimen item. Figures, where used, are fictional."
CE-021,1,Microeconomics,1,Methodology: Demand and Supply,Market Equilibrium,1.1.4,Easy,application,mcq,At the current price there is a shortage. In a free market,price falls until a larger shortage appears,price rises until quantity demanded equals quantity supplied,suppliers destroy the good,demand must shift left by law,B,A shortage means buyers bid the price up. The higher price reduces quantity demanded and raises quantity supplied.,1,,,"Original classroom item aligned to CAPE Economics syllabus CXC A20/U2/26 (effective for examinations from May–June 2027). Not a CXC past-paper or specimen item. Figures, where used, are fictional."
CE-022,1,Microeconomics,1,Methodology: Demand and Supply,Market Equilibrium,1.1.4,Easy,application,mcq,"At the current price, quantity supplied exceeds quantity demanded. In a free market the price will",stay the same because a surplus is an equilibrium,"fall, which increases quantity supplied","rise, which increases the surplus","fall, which reduces the surplus",D,"A surplus puts downward pressure on price. As price falls, quantity demanded rises and quantity supplied falls until the surplus disappears.",1,,,"Original classroom item aligned to CAPE Economics syllabus CXC A20/U2/26 (effective for examinations from May–June 2027). Not a CXC past-paper or specimen item. Figures, where used, are fictional."
CE-023,1,Microeconomics,1,Methodology: Demand and Supply,Market Equilibrium,1.1.4,Hard,application,mcq,Both the demand curve and the supply curve of cement shift right. Which conclusion is certain?,Equilibrium price must rise,Equilibrium price must fall,Equilibrium quantity must fall,"Equilibrium quantity rises, but the change in price is uncertain",D,"Each shift raises quantity, so quantity rises. Demand alone would raise price and supply alone would lower it, so the price change depends on which shift is larger.",1,,,"Original classroom item aligned to CAPE Economics syllabus CXC A20/U2/26 (effective for examinations from May–June 2027). Not a CXC past-paper or specimen item. Figures, where used, are fictional."
CE-024,1,Microeconomics,1,Methodology: Demand and Supply,Market Equilibrium,1.1.4,Hard,application,mcq,Demand for a medicine is perfectly inelastic and supply slopes upward. A specific tax on producers is borne,entirely by buyers,"equally, because perfect inelasticity means a 50-50 split",entirely by sellers,"by neither side, because the price cannot change",A,"When demand is perfectly inelastic, quantity does not fall and buyers pay the whole tax. If supply were perfectly inelastic, sellers would bear the whole tax.",1,,,"Original classroom item aligned to CAPE Economics syllabus CXC A20/U2/26 (effective for examinations from May–June 2027). Not a CXC past-paper or specimen item. Figures, where used, are fictional."
CE-025,1,Microeconomics,1,Methodology: Demand and Supply,Market Equilibrium,1.1.4,Medium,application,mcq,Demand for cocoa shifts right and the supply curve does not move. Equilibrium,price rises and quantity rises,price rises and quantity falls,price stays the same and quantity falls,price falls and quantity falls,A,Higher demand raises the equilibrium price and the equilibrium quantity when supply slopes upward.,1,,,"Original classroom item aligned to CAPE Economics syllabus CXC A20/U2/26 (effective for examinations from May–June 2027). Not a CXC past-paper or specimen item. Figures, where used, are fictional."
CE-026,1,Microeconomics,1,Methodology: Demand and Supply,Market Equilibrium,1.1.4,Medium,application,mcq,Supply of tomatoes shifts right because of a good harvest. Demand does not change. Equilibrium,price and quantity both fall,price rises and quantity falls,price falls and quantity rises,price rises and quantity rises,C,An increase in supply lowers equilibrium price and raises equilibrium quantity.,1,,,"Original classroom item aligned to CAPE Economics syllabus CXC A20/U2/26 (effective for examinations from May–June 2027). Not a CXC past-paper or specimen item. Figures, where used, are fictional."
CE-027,1,Microeconomics,1,Methodology: Demand and Supply,Market Equilibrium,1.1.4,Medium,calculation,mcq,"A linear demand curve in Maren Island is P = 80 - 2Q. At a price of EC$20, quantity demanded is 30. Consumer surplus is the triangle ½ × (80 − 20) × 30. Consumer surplus equals",EC$1800,EC$2400,EC$450,EC$900,D,The triangle area is ½ × base × height = EC$900.,1,900,EC$,"Original classroom item aligned to CAPE Economics syllabus CXC A20/U2/26 (effective for examinations from May–June 2027). Not a CXC past-paper or specimen item. Figures, where used, are fictional."
CE-028,1,Microeconomics,1,Methodology: Demand and Supply,Market Equilibrium,1.1.4,Medium,calculation,mcq,"A linear demand curve in Port Clare is P = 40 - Q. At a price of EC$10, quantity demanded is 30. Consumer surplus is the triangle ½ × (40 − 10) × 30. Consumer surplus equals",EC$225,EC$1200,EC$450,EC$900,C,The triangle area is ½ × base × height = EC$450.,1,450,EC$,"Original classroom item aligned to CAPE Economics syllabus CXC A20/U2/26 (effective for examinations from May–June 2027). Not a CXC past-paper or specimen item. Figures, where used, are fictional."
CE-029,1,Microeconomics,1,Methodology: Demand and Supply,Market Equilibrium,1.1.4,Medium,calculation,mcq,"A linear demand curve in St Brice is P = 50 - 0.5Q. At a price of EC$20, quantity demanded is 60. Consumer surplus is the triangle ½ × (50 − 20) × 60. Consumer surplus equals",EC$3000,EC$900,EC$1800,EC$450,B,The triangle area is ½ × base × height = EC$900.,1,900,EC$,"Original classroom item aligned to CAPE Economics syllabus CXC A20/U2/26 (effective for examinations from May–June 2027). Not a CXC past-paper or specimen item. Figures, where used, are fictional."
CE-030,1,Microeconomics,1,Methodology: Demand and Supply,Market Equilibrium,1.1.4,Hard,calculation,mcq,"Demand for cooking gas in St Brice is Qd = 100 - 2P and supply before tax is Qs = 20 + 2P. A specific tax of EC$4 per unit is levied on producers, so the supply relation becomes Qs = 20 + 2(P - 4), where P is the price buyers pay. The price buyers pay at the new equilibrium is",EC$20,EC$24,EC$22,EC$18,C,P = (100 - 20 + 2×4) / (2+2) = 22. Sellers receive EC$18.,1,22,EC$ per unit,"Original classroom item aligned to CAPE Economics syllabus CXC A20/U2/26 (effective for examinations from May–June 2027). Not a CXC past-paper or specimen item. Figures, where used, are fictional."
CE-031,1,Microeconomics,1,Methodology: Demand and Supply,Market Equilibrium,1.1.4,Hard,calculation,mcq,"Demand for flour in Harbour Cay is Qd = 200 - 4P and supply before tax is Qs = 40 + 4P. A specific tax of EC$4 per unit is levied on producers, so the supply relation becomes Qs = 40 + 4(P - 4), where P is the price buyers pay. The price buyers pay at the new equilibrium is",EC$22,EC$18,EC$24,EC$20,A,P = (200 - 40 + 4×4) / (4+4) = 22. Sellers receive EC$18.,1,22,EC$ per unit,"Original classroom item aligned to CAPE Economics syllabus CXC A20/U2/26 (effective for examinations from May–June 2027). Not a CXC past-paper or specimen item. Figures, where used, are fictional."
CE-032,1,Microeconomics,1,Methodology: Demand and Supply,Market Equilibrium,1.1.4,Hard,calculation,mcq,"Demand for juice in Golden Vale is Qd = 150 - 5P and supply before tax is Qs = 30 + 5P. A specific tax of EC$4 per unit is levied on producers, so the supply relation becomes Qs = 30 + 5(P - 4), where P is the price buyers pay. The price sellers receive, after paying the tax, is",EC$10,EC$14,EC$6,EC$12,A,Buyers pay EC$14 and sellers receive EC$14 - EC$4 = EC$10.,1,10,EC$ per unit,"Original classroom item aligned to CAPE Economics syllabus CXC A20/U2/26 (effective for examinations from May–June 2027). Not a CXC past-paper or specimen item. Figures, where used, are fictional."
CE-033,1,Microeconomics,1,Methodology: Demand and Supply,Market Equilibrium,1.1.4,Hard,calculation,mcq,"Demand for nails in Westford is Qd = 90 - 2P and supply before tax is Qs = 10 + 2P. A specific tax of EC$2 per unit is levied on producers, so the supply relation becomes Qs = 10 + 2(P - 2), where P is the price buyers pay. Tax revenue at the new equilibrium is",EC$42,EC$100,EC$96,EC$1008,C,New quantity is 48 and revenue is 2 × 48 = EC$96.,1,96,EC$,"Original classroom item aligned to CAPE Economics syllabus CXC A20/U2/26 (effective for examinations from May–June 2027). Not a CXC past-paper or specimen item. Figures, where used, are fictional."
CE-034,1,Microeconomics,1,Methodology: Demand and Supply,Market Equilibrium,1.1.4,Hard,calculation,mcq,"Demand for paint in Maren Island is Qd = 80 - 1P and supply before tax is Qs = 20 + 1P. A specific tax of EC$4 per unit is levied on producers, so the supply relation becomes Qs = 20 + 1(P - 4), where P is the price buyers pay. The price sellers receive, after paying the tax, is",EC$28,EC$32,EC$30,EC$24,A,Buyers pay EC$32 and sellers receive EC$32 - EC$4 = EC$28.,1,28,EC$ per unit,"Original classroom item aligned to CAPE Economics syllabus CXC A20/U2/26 (effective for examinations from May–June 2027). Not a CXC past-paper or specimen item. Figures, where used, are fictional."
CE-035,1,Microeconomics,1,Methodology: Demand and Supply,Market Equilibrium,1.1.4,Hard,calculation,mcq,"Demand for soft drinks in Port Clare is Qd = 120 - 3P and supply before tax is Qs = 30 + 3P. A specific tax of EC$6 per unit is levied on producers, so the supply relation becomes Qs = 30 + 3(P - 6), where P is the price buyers pay. Tax revenue at the new equilibrium is",EC$108,EC$450,EC$1188,EC$396,D,New quantity is 66 and revenue is 6 × 66 = EC$396.,1,396,EC$,"Original classroom item aligned to CAPE Economics syllabus CXC A20/U2/26 (effective for examinations from May–June 2027). Not a CXC past-paper or specimen item. Figures, where used, are fictional."
CE-036,1,Microeconomics,1,Methodology: Demand and Supply,Market Equilibrium,1.1.4,Medium,calculation,mcq,"In the breadfruit market in St Brice, quantity demanded is 100 - 2P and quantity supplied is 20 + 2P, where P is the price in EC dollars. The equilibrium price is",EC$22,60 units,EC$20,EC$60,C,Set 100 - 2P = 20 + 2P. Then P = 20 and Q = 60.,1,20,EC$ per unit,"Original classroom item aligned to CAPE Economics syllabus CXC A20/U2/26 (effective for examinations from May–June 2027). Not a CXC past-paper or specimen item. Figures, where used, are fictional."
CE-037,1,Microeconomics,1,Methodology: Demand and Supply,Market Equilibrium,1.1.4,Medium,calculation,mcq,"In the cocoa market in Port Clare, quantity demanded is 200 - 4P and quantity supplied is 20 + 5P, where P is the price in EC dollars. The equilibrium quantity is",180 units,120 units,20 units,EC$20,B,Set 200 - 4P = 20 + 5P. Then P = 20 and Q = 120.,1,120,units,"Original classroom item aligned to CAPE Economics syllabus CXC A20/U2/26 (effective for examinations from May–June 2027). Not a CXC past-paper or specimen item. Figures, where used, are fictional."
CE-038,1,Microeconomics,1,Methodology: Demand and Supply,Market Equilibrium,1.1.4,Medium,calculation,mcq,"In the fish market in Maren Island, quantity demanded is 80 - 1P and quantity supplied is 20 + 1P, where P is the price in EC dollars. The equilibrium price is",EC$50,50 units,EC$31,EC$30,D,Set 80 - 1P = 20 + 1P. Then P = 30 and Q = 50.,1,30,EC$ per unit,"Original classroom item aligned to CAPE Economics syllabus CXC A20/U2/26 (effective for examinations from May–June 2027). Not a CXC past-paper or specimen item. Figures, where used, are fictional."
CE-039,1,Microeconomics,1,Methodology: Demand and Supply,Market Equilibrium,1.1.4,Medium,calculation,mcq,"In the uniforms market in Westford, quantity demanded is 500 - 5P and quantity supplied is 100 + 5P, where P is the price in EC dollars. The equilibrium price is",EC$40,300 units,EC$45,EC$300,A,Set 500 - 5P = 100 + 5P. Then P = 40 and Q = 300.,1,40,EC$ per unit,"Original classroom item aligned to CAPE Economics syllabus CXC A20/U2/26 (effective for examinations from May–June 2027). Not a CXC past-paper or specimen item. Figures, where used, are fictional."
CE-040,1,Microeconomics,1,Methodology: Demand and Supply,Market Equilibrium,1.1.4,Medium,calculation,mcq,"In the water market in Golden Vale, quantity demanded is 90 - 2P and quantity supplied is 10 + 2P, where P is the price in EC dollars. The equilibrium quantity is",80 units,EC$20,50 units,20 units,C,Set 90 - 2P = 10 + 2P. Then P = 20 and Q = 50.,1,50,units,"Original classroom item aligned to CAPE Economics syllabus CXC A20/U2/26 (effective for examinations from May–June 2027). Not a CXC past-paper or specimen item. Figures, where used, are fictional."
CE-041,1,Microeconomics,1,Methodology: Demand and Supply,Market Equilibrium,1.1.4,Medium,calculation,mcq,"In the yams market in Harbour Cay, quantity demanded is 120 - 3P and quantity supplied is 30 + 3P, where P is the price in EC dollars. The equilibrium quantity is",75 units,90 units,15 units,EC$15,A,Set 120 - 3P = 30 + 3P. Then P = 15 and Q = 75.,1,75,units,"Original classroom item aligned to CAPE Economics syllabus CXC A20/U2/26 (effective for examinations from May–June 2027). Not a CXC past-paper or specimen item. Figures, where used, are fictional."
CE-042,1,Microeconomics,1,Methodology: Demand and Supply,Theory of Consumer Demand,1.1.2,Medium,knowledge,mcq,A limitation of cardinal marginal-utility theory is that,satisfaction cannot in practice be measured in objective utility units,it denies that consumers respond to prices,"it assumes diminishing marginal utility, which no textbook uses",it cannot be stated as an equation,A,"The cardinal approach treats utility as measurable in utils. In practice utility is not cardinally measurable, which is why the ordinal indifference-curve approach is used.",1,,,"Original classroom item aligned to CAPE Economics syllabus CXC A20/U2/26 (effective for examinations from May–June 2027). Not a CXC past-paper or specimen item. Figures, where used, are fictional."
CE-043,1,Microeconomics,1,Methodology: Demand and Supply,Theory of Consumer Demand,1.1.2,Easy,knowledge,mcq,An indifference curve shows,combinations the consumer cannot afford,the market demand of all consumers added together,combinations of two goods that give the consumer the same satisfaction,the cost of producing two goods,C,Each indifference curve is a set of bundles among which the consumer is indifferent. A budget line shows what the consumer can afford.,1,,,"Original classroom item aligned to CAPE Economics syllabus CXC A20/U2/26 (effective for examinations from May–June 2027). Not a CXC past-paper or specimen item. Figures, where used, are fictional."
CE-044,1,Microeconomics,1,Methodology: Demand and Supply,Theory of Consumer Demand,1.1.2,Medium,knowledge,mcq,Consumer equilibrium in cardinal utility theory occurs when,marginal utility is rising for every good,total utility is zero,"the consumer buys only the cheapest good, whatever its marginal utility","the marginal utility per dollar is equal for every good bought, and income is spent",D,"The equi-marginal condition is MUa/Pa = MUb/Pb, with the budget exhausted.",1,,,"Original classroom item aligned to CAPE Economics syllabus CXC A20/U2/26 (effective for examinations from May–June 2027). Not a CXC past-paper or specimen item. Figures, where used, are fictional."
CE-045,1,Microeconomics,1,Methodology: Demand and Supply,Theory of Consumer Demand,1.1.2,Medium,knowledge,mcq,Marginal utility is,the extra satisfaction from consuming one more unit,always rising as more units are consumed,"satisfaction from all units consumed, added together",total utility divided by price only when price is zero,A,Marginal utility is the change in total utility from one extra unit. Total utility is the sum of satisfaction from all units.,1,,,"Original classroom item aligned to CAPE Economics syllabus CXC A20/U2/26 (effective for examinations from May–June 2027). Not a CXC past-paper or specimen item. Figures, where used, are fictional."
CE-046,1,Microeconomics,1,Methodology: Demand and Supply,Theory of Consumer Demand,1.1.2,Medium,knowledge,mcq,Ordinal consumer equilibrium is at the point where,two indifference curves cross the budget line at different slopes,marginal utility is negative,the budget line is tangent to an indifference curve,the consumer is on the lowest indifference curve that cuts the budget line twice,C,"Tangency means the marginal rate of substitution equals the price ratio, and the consumer reaches the highest affordable indifference curve.",1,,,"Original classroom item aligned to CAPE Economics syllabus CXC A20/U2/26 (effective for examinations from May–June 2027). Not a CXC past-paper or specimen item. Figures, where used, are fictional."
CE-047,1,Microeconomics,1,Methodology: Demand and Supply,Theory of Consumer Demand,1.1.2,Medium,knowledge,mcq,"The law of diminishing marginal utility states that, beyond some point,",marginal utility rises with every extra unit,"extra units of a good add less satisfaction than the previous unit, other things equal",consumers always prefer higher prices,total utility falls as soon as consumption begins,B,"Diminishing marginal utility means successive units yield less additional satisfaction, holding other things constant.",1,,,"Original classroom item aligned to CAPE Economics syllabus CXC A20/U2/26 (effective for examinations from May–June 2027). Not a CXC past-paper or specimen item. Figures, where used, are fictional."
CE-048,1,Microeconomics,1,Methodology: Demand and Supply,Theory of Consumer Demand,1.1.2,Medium,knowledge,mcq,"The slope of the budget line, in absolute value, equals",marginal utility of income,the price of the good on the horizontal axis divided by the price of the good on the vertical axis,money income only,the ratio of quantities consumed,B,"If good X is on the horizontal axis, the budget line has slope minus Px/Py. Income changes shift the line; a relative-price change rotates it.",1,,,"Original classroom item aligned to CAPE Economics syllabus CXC A20/U2/26 (effective for examinations from May–June 2027). Not a CXC past-paper or specimen item. Figures, where used, are fictional."
CE-049,1,Microeconomics,1,Methodology: Demand and Supply,Theory of Consumer Demand,1.1.2,Easy,knowledge,mcq,Utility means,the total cost of production,the wage of the seller,the price printed on the good,the satisfaction a consumer obtains from a good or service,D,Utility is satisfaction. It is not the same thing as price or cost.,1,,,"Original classroom item aligned to CAPE Economics syllabus CXC A20/U2/26 (effective for examinations from May–June 2027). Not a CXC past-paper or specimen item. Figures, where used, are fictional."
CE-050,1,Microeconomics,1,Methodology: Demand and Supply,Theory of Consumer Demand,1.1.2,Medium,knowledge,mcq,Which property of a standard indifference map is correct?,Every curve is concave to the origin,"Curves further from the origin represent higher satisfaction, and two curves do not cross",Curves slope upwards because both goods are desirable,Curves cross at the consumer's equilibrium,B,"More of both goods is preferred, so higher curves are better. Crossing would imply inconsistent rankings. Standard curves are convex to the origin.",1,,,"Original classroom item aligned to CAPE Economics syllabus CXC A20/U2/26 (effective for examinations from May–June 2027). Not a CXC past-paper or specimen item. Figures, where used, are fictional."
CE-051,1,Microeconomics,1,Methodology: Demand and Supply,Theory of Consumer Demand,1.1.2,Hard,application,mcq,A consumer buys goods A and B. The marginal utility of A divided by its price is greater than the marginal utility of B divided by its price. To move toward equilibrium the consumer should,buy more B and less A,buy more A and less B,stop buying A because its marginal utility is too high,buy more of both in the same proportion,B,"Equilibrium requires MUa/Pa = MUb/Pb. If MUa/Pa is higher, the last dollar spent on A yields more utility, so the consumer gains by switching spending toward A.",1,,,"Original classroom item aligned to CAPE Economics syllabus CXC A20/U2/26 (effective for examinations from May–June 2027). Not a CXC past-paper or specimen item. Figures, where used, are fictional."
CE-052,1,Microeconomics,1,Methodology: Demand and Supply,Theory of Consumer Demand,1.1.2,Medium,application,mcq,"Total utility is still rising, but at a decreasing rate. Marginal utility must be",zero,negative,positive and falling,rising,C,"When marginal utility is positive, total utility rises. If marginal utility is falling, total utility rises more slowly. Total utility is maximised when marginal utility is zero.",1,,,"Original classroom item aligned to CAPE Economics syllabus CXC A20/U2/26 (effective for examinations from May–June 2027). Not a CXC past-paper or specimen item. Figures, where used, are fictional."
CE-053,1,Microeconomics,1,Methodology: Demand and Supply,Theory of Consumer Demand,1.1.2,Hard,calculation,mcq,"In Golden Vale, the price of painted tiles rises from EC$16 to EC$20 and quantity demanded changes from 125 to 75. Total revenue changes from EC$2000 to EC$1500. Measured by the simple percentage method, demand over this range is","price inelastic, and the price change has the opposite total-revenue effect from the one observed","unit elastic, so total revenue must stay exactly the same","perfectly inelastic, so quantity demanded does not change","price elastic, and the higher price reduces total revenue",D,"Simple PED is 1.6, so demand is price elastic. Total revenue moves from EC$2000 to EC$1500, so it falls.",1,1.6,coefficient,"Original classroom item aligned to CAPE Economics syllabus CXC A20/U2/26 (effective for examinations from May–June 2027). Not a CXC past-paper or specimen item. Figures, where used, are fictional."
CE-054,1,Microeconomics,1,Methodology: Demand and Supply,Theory of Consumer Demand,1.1.2,Medium,calculation,mcq,"In Harbour Cay, household income changes from EC$2500 to EC$3000 a month and quantity demanded of second-hand phones changes from 60 to 48. Using YED = percentage change in quantity demanded / percentage change in income, the income elasticity of demand is",0,1,-1,-2,C,YED = -1. The good is inferior. A negative coefficient means inferior; a positive coefficient above 1 means normal and income-elastic.,1,-1,coefficient,"Original classroom item aligned to CAPE Economics syllabus CXC A20/U2/26 (effective for examinations from May–June 2027). Not a CXC past-paper or specimen item. Figures, where used, are fictional."
CE-055,1,Microeconomics,1,Methodology: Demand and Supply,Theory of Consumer Demand,1.1.2,Medium,calculation,mcq,"In Harbour Cay, the price of breadfruit rises from EC$5 to EC$6 and quantity demanded falls from 100 to 90. Using the simple percentage method, not the midpoint method, PED = |percentage change in quantity demanded| / |percentage change in price|. The price elasticity of demand is",0.5,0.58,10,2,A,"Percentage change in price is 20 percent and in quantity is 10 percent, so PED = 0.5. The midpoint result (0.58) is a different method and is not asked for.",1,0.5,coefficient,"Original classroom item aligned to CAPE Economics syllabus CXC A20/U2/26 (effective for examinations from May–June 2027). Not a CXC past-paper or specimen item. Figures, where used, are fictional."
CE-056,1,Microeconomics,1,Methodology: Demand and Supply,Theory of Consumer Demand,1.1.2,Medium,calculation,mcq,"In Harbour Cay, the price of petrol changes from EC$40 to EC$32 and quantity demanded of cars changes from 90 to 108. Using XED = percentage change in quantity demanded of cars / percentage change in the price of petrol, the cross elasticity is",0 (unrelated),-1 (complements),0.5 (substitutes),1 (substitutes),B,"XED = -1. A positive value means substitutes, a negative value means complements, and zero means no measurable relationship in this data.",1,-1,coefficient,"Original classroom item aligned to CAPE Economics syllabus CXC A20/U2/26 (effective for examinations from May–June 2027). Not a CXC past-paper or specimen item. Figures, where used, are fictional."
CE-057,1,Microeconomics,1,Methodology: Demand and Supply,Theory of Consumer Demand,1.1.2,Medium,calculation,mcq,"In Maren Island, household income changes from EC$5000 to EC$6000 a month and quantity demanded of weekend villa stays changes from 20 to 30. Using YED = percentage change in quantity demanded / percentage change in income, the income elasticity of demand is",3.5,0.4,-2.5,2.5,D,YED = 2.5. The good is normal and income-elastic. A negative coefficient means inferior; a positive coefficient above 1 means normal and income-elastic.,1,2.5,coefficient,"Original classroom item aligned to CAPE Economics syllabus CXC A20/U2/26 (effective for examinations from May–June 2027). Not a CXC past-paper or specimen item. Figures, where used, are fictional."
CE-058,1,Microeconomics,1,Methodology: Demand and Supply,Theory of Consumer Demand,1.1.2,Medium,calculation,mcq,"In Maren Island, the price of cocoa rises from EC$40 to EC$50 and quantity demanded falls from 200 to 100. Using the simple percentage method, not the midpoint method, PED = |percentage change in quantity demanded| / |percentage change in price|. The price elasticity of demand is",3,2,0.5,10,B,"Percentage change in price is 25 percent and in quantity is 50 percent, so PED = 2. The midpoint result (3) is a different method and is not asked for.",1,2,coefficient,"Original classroom item aligned to CAPE Economics syllabus CXC A20/U2/26 (effective for examinations from May–June 2027). Not a CXC past-paper or specimen item. Figures, where used, are fictional."
CE-059,1,Microeconomics,1,Methodology: Demand and Supply,Theory of Consumer Demand,1.1.2,Medium,calculation,mcq,"In Maren Island, the price of margarine changes from EC$5 to EC$6 and quantity demanded of butter changes from 50 to 55. Using XED = percentage change in quantity demanded of butter / percentage change in the price of margarine, the cross elasticity is",1 (substitutes),0.5 (substitutes),-1 (complements),0 (unrelated),B,"XED = 0.5. A positive value means substitutes, a negative value means complements, and zero means no measurable relationship in this data.",1,0.5,coefficient,"Original classroom item aligned to CAPE Economics syllabus CXC A20/U2/26 (effective for examinations from May–June 2027). Not a CXC past-paper or specimen item. Figures, where used, are fictional."
CE-060,1,Microeconomics,1,Methodology: Demand and Supply,Theory of Consumer Demand,1.1.2,Medium,calculation,mcq,"In Port Clare, household income changes from EC$1000 to EC$1100 a month and quantity demanded of instant noodles changes from 80 to 76. Using YED = percentage change in quantity demanded / percentage change in income, the income elasticity of demand is",-1.5,-0.5,0.5,-2,B,YED = -0.5. The good is inferior. A negative coefficient means inferior; a positive coefficient above 1 means normal and income-elastic.,1,-0.5,coefficient,"Original classroom item aligned to CAPE Economics syllabus CXC A20/U2/26 (effective for examinations from May–June 2027). Not a CXC past-paper or specimen item. Figures, where used, are fictional."
CE-061,1,Microeconomics,1,Methodology: Demand and Supply,Theory of Consumer Demand,1.1.2,Hard,calculation,mcq,"In Port Clare, the price of bus fares rises from EC$20 to EC$24 and quantity demanded changes from 90 to 81. Total revenue changes from EC$1800 to EC$1944. Measured by the simple percentage method, demand over this range is","price inelastic, and the higher price increases total revenue","price inelastic, and the price change has the opposite total-revenue effect from the one observed","perfectly inelastic, so quantity demanded does not change","unit elastic, so total revenue must stay exactly the same",A,"Simple PED is 0.5, so demand is price inelastic. Total revenue moves from EC$1800 to EC$1944, so it rises.",1,0.5,coefficient,"Original classroom item aligned to CAPE Economics syllabus CXC A20/U2/26 (effective for examinations from May–June 2027). Not a CXC past-paper or specimen item. Figures, where used, are fictional."
CE-062,1,Microeconomics,1,Methodology: Demand and Supply,Theory of Consumer Demand,1.1.2,Medium,calculation,mcq,"In Port Clare, the price of ferry tickets rises from EC$20 to EC$25 and quantity demanded falls from 80 to 60. Using the simple percentage method, not the midpoint method, PED = |percentage change in quantity demanded| / |percentage change in price|. The price elasticity of demand is",1,2,4,1.29,A,"Percentage change in price is 25 percent and in quantity is 25 percent, so PED = 1. The midpoint result (1.29) is a different method and is not asked for.",1,1,coefficient,"Original classroom item aligned to CAPE Economics syllabus CXC A20/U2/26 (effective for examinations from May–June 2027). Not a CXC past-paper or specimen item. Figures, where used, are fictional."
CE-063,1,Microeconomics,1,Methodology: Demand and Supply,Theory of Consumer Demand,1.1.2,Medium,calculation,mcq,"In Port Clare, the price of ink cartridges changes from EC$20 to EC$25 and quantity demanded of printers changes from 80 to 60. Using XED = percentage change in quantity demanded of printers / percentage change in the price of ink cartridges, the cross elasticity is",0.5 (substitutes),1 (substitutes),-1 (complements),0 (unrelated),C,"XED = -1. A positive value means substitutes, a negative value means complements, and zero means no measurable relationship in this data.",1,-1,coefficient,"Original classroom item aligned to CAPE Economics syllabus CXC A20/U2/26 (effective for examinations from May–June 2027). Not a CXC past-paper or specimen item. Figures, where used, are fictional."
CE-064,1,Microeconomics,1,Methodology: Demand and Supply,Theory of Consumer Demand,1.1.2,Medium,calculation,mcq,"In St Brice, household income changes from EC$2000 to EC$2400 a month and quantity demanded of restaurant meals changes from 40 to 52. Using YED = percentage change in quantity demanded / percentage change in income, the income elasticity of demand is",1.5,0.67,2.5,-1.5,A,YED = 1.5. The good is normal and income-elastic. A negative coefficient means inferior; a positive coefficient above 1 means normal and income-elastic.,1,1.5,coefficient,"Original classroom item aligned to CAPE Economics syllabus CXC A20/U2/26 (effective for examinations from May–June 2027). Not a CXC past-paper or specimen item. Figures, where used, are fictional."
CE-065,1,Microeconomics,1,Methodology: Demand and Supply,Theory of Consumer Demand,1.1.2,Medium,calculation,mcq,"In St Brice, the price of bottled spring water rises from EC$10 to EC$12 and quantity demanded falls from 100 to 80. Using the simple percentage method, not the midpoint method, PED = |percentage change in quantity demanded| / |percentage change in price|. The price elasticity of demand is",1.22,2,10,1,D,"Percentage change in price is 20 percent and in quantity is 20 percent, so PED = 1. The midpoint result (1.22) is a different method and is not asked for.",1,1,coefficient,"Original classroom item aligned to CAPE Economics syllabus CXC A20/U2/26 (effective for examinations from May–June 2027). Not a CXC past-paper or specimen item. Figures, where used, are fictional."
CE-066,1,Microeconomics,1,Methodology: Demand and Supply,Theory of Consumer Demand,1.1.2,Medium,calculation,mcq,"In St Brice, the price of coffee changes from EC$10 to EC$12 and quantity demanded of tea changes from 100 to 140. Using XED = percentage change in quantity demanded of tea / percentage change in the price of coffee, the cross elasticity is",2 (substitutes),0 (unrelated),-1 (complements),1 (substitutes),A,"XED = 2. A positive value means substitutes, a negative value means complements, and zero means no measurable relationship in this data.",1,2,coefficient,"Original classroom item aligned to CAPE Economics syllabus CXC A20/U2/26 (effective for examinations from May–June 2027). Not a CXC past-paper or specimen item. Figures, where used, are fictional."
CE-067,1,Microeconomics,1,Methodology: Demand and Supply,Theory of Consumer Demand,1.1.2,Hard,calculation,mcq,"In St Brice, the price of craft baskets rises from EC$10 to EC$14 and quantity demanded changes from 100 to 50. Total revenue changes from EC$1000 to EC$700. Measured by the simple percentage method, demand over this range is","perfectly inelastic, so quantity demanded does not change","price elastic, and the higher price reduces total revenue","unit elastic, so total revenue must stay exactly the same","price inelastic, and the price change has the opposite total-revenue effect from the one observed",B,"Simple PED is 1.25, so demand is price elastic. Total revenue moves from EC$1000 to EC$700, so it falls.",1,1.25,coefficient,"Original classroom item aligned to CAPE Economics syllabus CXC A20/U2/26 (effective for examinations from May–June 2027). Not a CXC past-paper or specimen item. Figures, where used, are fictional."
CE-068,1,Microeconomics,1,Methodology: Demand and Supply,Theory of Consumer Demand,1.1.2,Hard,calculation,mcq,"In Westford, the price of room nights falls from EC$30 to EC$24 and quantity demanded changes from 40 to 56. Total revenue changes from EC$1200 to EC$1344. Measured by the simple percentage method, demand over this range is","price elastic, and the lower price increases total revenue","price inelastic, and the price change has the opposite total-revenue effect from the one observed","perfectly inelastic, so quantity demanded does not change","unit elastic, so total revenue must stay exactly the same",A,"Simple PED is 2, so demand is price elastic. Total revenue moves from EC$1200 to EC$1344, so it rises.",1,2,coefficient,"Original classroom item aligned to CAPE Economics syllabus CXC A20/U2/26 (effective for examinations from May–June 2027). Not a CXC past-paper or specimen item. Figures, where used, are fictional."
CE-069,1,Microeconomics,1,Methodology: Demand and Supply,Theory of Supply,1.1.3,Medium,knowledge,mcq,"In the short run, the supply curve of a perfectly competitive firm is",its marginal-cost curve above average variable cost,its average-fixed-cost curve,a vertical line at zero output whatever the price,its marginal-cost curve below average variable cost,A,"The firm supplies where price equals marginal cost, but only if price covers average variable cost. Below that, it shuts down.",1,,,"Original classroom item aligned to CAPE Economics syllabus CXC A20/U2/26 (effective for examinations from May–June 2027). Not a CXC past-paper or specimen item. Figures, where used, are fictional."
CE-070,1,Microeconomics,1,Methodology: Demand and Supply,Theory of Supply,1.1.3,Medium,knowledge,mcq,Normal profit is,the same thing as supernormal profit,a loss,"the minimum return that keeps the entrepreneur in the industry, and it counts as zero economic profit","any revenue above total cost, including opportunity cost",C,Normal profit covers the opportunity cost of enterprise and is included in economic cost. Economic profit is then zero. Supernormal profit is positive economic profit.,1,,,"Original classroom item aligned to CAPE Economics syllabus CXC A20/U2/26 (effective for examinations from May–June 2027). Not a CXC past-paper or specimen item. Figures, where used, are fictional."
CE-071,1,Microeconomics,1,Methodology: Demand and Supply,Theory of Supply,1.1.3,Medium,knowledge,mcq,Producer surplus is,the area above the demand curve,always equal to consumer surplus,the amount sellers receive above the minimum they would have accepted,total revenue minus wages only,C,"Producer surplus is the gap between the price received and the marginal cost, or the minimum acceptable price, summed over the units sold.",1,,,"Original classroom item aligned to CAPE Economics syllabus CXC A20/U2/26 (effective for examinations from May–June 2027). Not a CXC past-paper or specimen item. Figures, where used, are fictional."
CE-072,1,Microeconomics,1,Methodology: Demand and Supply,Theory of Supply,1.1.3,Medium,knowledge,mcq,The law of diminishing returns applies when,average cost falls as the scale of the firm increases,at least one factor is fixed and extra units of a variable factor eventually add less output,demand for the product is inelastic,all factors are variable in the long run,B,"Diminishing returns is a short-run idea: one factor is fixed. Economies of scale are a long-run idea, when all factors can change.",1,,,"Original classroom item aligned to CAPE Economics syllabus CXC A20/U2/26 (effective for examinations from May–June 2027). Not a CXC past-paper or specimen item. Figures, where used, are fictional."
CE-073,1,Microeconomics,1,Methodology: Demand and Supply,Theory of Supply,1.1.3,Easy,knowledge,mcq,Which matching of a factor of production to its reward is correct?,Enterprise earns interest and capital earns profit only,"Land earns rent, labour earns wages, capital earns interest, and enterprise earns profit",Capital earns rent and land earns profit only,Land earns wages and labour earns rent,B,"The factor rewards used in this syllabus are rent, wages, interest and profit.",1,,,"Original classroom item aligned to CAPE Economics syllabus CXC A20/U2/26 (effective for examinations from May–June 2027). Not a CXC past-paper or specimen item. Figures, where used, are fictional."
CE-074,1,Microeconomics,1,Methodology: Demand and Supply,Theory of Supply,1.1.3,Medium,application,mcq,"A firm reports a positive accounting profit, but that profit is only just enough to cover the entrepreneur's next best earnings. Economic profit is",equal to the accounting profit,zero,negative and larger than the accounting profit in magnitude,infinite,B,"Accounting profit ignores some opportunity costs. Once the entrepreneur's alternative earnings are treated as a cost, economic profit is zero. That is normal profit.",1,,,"Original classroom item aligned to CAPE Economics syllabus CXC A20/U2/26 (effective for examinations from May–June 2027). Not a CXC past-paper or specimen item. Figures, where used, are fictional."
CE-075,1,Microeconomics,1,Methodology: Demand and Supply,Theory of Supply,1.1.3,Medium,application,mcq,A firm should shut down in the short run if price is,equal to marginal cost and above average variable cost,below average total cost but above average variable cost,equal to average total cost,below average variable cost,D,"If price is below average variable cost, producing adds to losses. If price covers average variable cost but not total cost, the firm still produces in the short run because it covers variable cost and part of fixed cost.",1,,,"Original classroom item aligned to CAPE Economics syllabus CXC A20/U2/26 (effective for examinations from May–June 2027). Not a CXC past-paper or specimen item. Figures, where used, are fictional."
CE-076,1,Microeconomics,1,Methodology: Demand and Supply,Theory of Supply,1.1.3,Medium,application,mcq,A per-unit subsidy is paid to producers of solar lamps. The supply curve,"does not move, because subsidies affect demand only",shifts left,becomes perfectly inelastic,"shifts right, or downward by the amount of the subsidy",D,"A producer subsidy lowers the cost of supplying each unit, so firms offer more at each price.",1,,,"Original classroom item aligned to CAPE Economics syllabus CXC A20/U2/26 (effective for examinations from May–June 2027). Not a CXC past-paper or specimen item. Figures, where used, are fictional."
CE-077,1,Microeconomics,1,Methodology: Demand and Supply,Theory of Supply,1.1.3,Easy,application,mcq,"A rise in the market price of fish, with cost conditions unchanged, causes",a fall in quantity supplied,a leftward shift of demand,a movement up along the supply curve,a rightward shift of supply,C,"Own-price changes cause movements along supply. Cost, technology, taxes and the number of firms shift supply.",1,,,"Original classroom item aligned to CAPE Economics syllabus CXC A20/U2/26 (effective for examinations from May–June 2027). Not a CXC past-paper or specimen item. Figures, where used, are fictional."
CE-078,1,Microeconomics,1,Methodology: Demand and Supply,Theory of Supply,1.1.3,Hard,application,mcq,Marginal product is positive but falling. Total product is,rising at a decreasing rate,falling,negative,at its maximum already,A,Total product rises while marginal product is positive. It rises more slowly when marginal product is falling. Total product is maximised when marginal product is zero.,1,,,"Original classroom item aligned to CAPE Economics syllabus CXC A20/U2/26 (effective for examinations from May–June 2027). Not a CXC past-paper or specimen item. Figures, where used, are fictional."
CE-079,1,Microeconomics,1,Methodology: Demand and Supply,Theory of Supply,1.1.3,Easy,application,mcq,Which change shifts the supply curve of yams to the left?,A good harvest caused by better weather,A fall in the price of fertiliser,"A rise in the wages of farm workers, with no change in yam technology",An improvement in farm technology,C,"Higher input costs reduce supply. Better weather, cheaper inputs and better technology increase supply.",1,,,"Original classroom item aligned to CAPE Economics syllabus CXC A20/U2/26 (effective for examinations from May–June 2027). Not a CXC past-paper or specimen item. Figures, where used, are fictional."
CE-080,1,Microeconomics,1,Methodology: Demand and Supply,Theory of Supply,1.1.3,Medium,calculation,mcq,"A linear supply curve in Golden Vale is P = 4 + 2Q. At a price of EC$24, quantity supplied is 10. Producer surplus is the triangle ½ × (24 − 4) × 10. Producer surplus equals",EC$200,EC$50,EC$100,EC$240,C,The triangle area is ½ × base × height = EC$100.,1,100,EC$,"Original classroom item aligned to CAPE Economics syllabus CXC A20/U2/26 (effective for examinations from May–June 2027). Not a CXC past-paper or specimen item. Figures, where used, are fictional."
CE-081,1,Microeconomics,1,Methodology: Demand and Supply,Theory of Supply,1.1.3,Medium,calculation,mcq,"A linear supply curve in Harbour Cay is P = 10 + Q. At a price of EC$30, quantity supplied is 20. Producer surplus is the triangle ½ × (30 − 10) × 20. Producer surplus equals",EC$200,EC$100,EC$400,EC$600,A,The triangle area is ½ × base × height = EC$200.,1,200,EC$,"Original classroom item aligned to CAPE Economics syllabus CXC A20/U2/26 (effective for examinations from May–June 2027). Not a CXC past-paper or specimen item. Figures, where used, are fictional."
CE-082,1,Microeconomics,1,Methodology: Demand and Supply,Theory of Supply,1.1.3,Medium,calculation,mcq,"A linear supply curve in Westford is P = 6 + 0.5Q. At a price of EC$16, quantity supplied is 20. Producer surplus is the triangle ½ × (16 − 6) × 20. Producer surplus equals",EC$320,EC$100,EC$200,EC$50,B,The triangle area is ½ × base × height = EC$100.,1,100,EC$,"Original classroom item aligned to CAPE Economics syllabus CXC A20/U2/26 (effective for examinations from May–June 2027). Not a CXC past-paper or specimen item. Figures, where used, are fictional."
CE-083,1,Microeconomics,1,Methodology: Demand and Supply,Theory of Supply,1.1.3,Medium,calculation,mcq,"Producers of clinic visits in Maren Island see price rises from EC$40 to EC$50. Quantity supplied rises, from 200 to 220. Using PES = |percentage change in quantity supplied| / |percentage change in price|, the price elasticity of supply is",2,0.4,2.5,1.4,B,"PES = 0.4, so supply is price inelastic over this range. A coefficient above 1 is elastic and below 1 is inelastic.",1,0.4,coefficient,"Original classroom item aligned to CAPE Economics syllabus CXC A20/U2/26 (effective for examinations from May–June 2027). Not a CXC past-paper or specimen item. Figures, where used, are fictional."
CE-084,1,Microeconomics,1,Methodology: Demand and Supply,Theory of Supply,1.1.3,Medium,calculation,mcq,"Producers of sand in Port Clare see price rises from EC$20 to EC$25. Quantity supplied rises, from 80 to 100. Using PES = |percentage change in quantity supplied| / |percentage change in price|, the price elasticity of supply is",0,2,1,4,C,"PES = 1, so supply is unit elastic over this range. A coefficient above 1 is elastic and below 1 is inelastic.",1,1,coefficient,"Original classroom item aligned to CAPE Economics syllabus CXC A20/U2/26 (effective for examinations from May–June 2027). Not a CXC past-paper or specimen item. Figures, where used, are fictional."
CE-085,1,Microeconomics,1,Methodology: Demand and Supply,Theory of Supply,1.1.3,Medium,calculation,mcq,"Producers of tomatoes in St Brice see price rises from EC$10 to EC$12. Quantity supplied rises, from 100 to 140. Using PES = |percentage change in quantity supplied| / |percentage change in price|, the price elasticity of supply is",2,20,0.5,3,A,"PES = 2, so supply is price elastic over this range. A coefficient above 1 is elastic and below 1 is inelastic.",1,2,coefficient,"Original classroom item aligned to CAPE Economics syllabus CXC A20/U2/26 (effective for examinations from May–June 2027). Not a CXC past-paper or specimen item. Figures, where used, are fictional."
CE-086,1,Microeconomics,2,"Market Structure, Market Failure and Intervention",Intervention,1.2.3,Medium,knowledge,mcq,"A Pigouvian tax on a negative production externality should, in principle, be set equal to",the entire price of the good,the marginal external cost at the socially efficient output,marginal private benefit,"zero, because taxes cannot change output",B,"A tax equal to marginal external cost makes the firm face marginal social cost, so it chooses the smaller socially efficient output.",1,,,"Original classroom item aligned to CAPE Economics syllabus CXC A20/U2/26 (effective for examinations from May–June 2027). Not a CXC past-paper or specimen item. Figures, where used, are fictional."
CE-087,1,Microeconomics,2,"Market Structure, Market Failure and Intervention",Intervention,1.2.3,Medium,knowledge,mcq,An argument against government intervention is that,administrative costs and political pressure can make the cure worse than the market failure,externalities are always priced,public goods are rival,markets never fail,A,Intervention is not automatically better than the market. The benefits of a policy have to be compared with its costs and with the risk of government failure.,1,,,"Original classroom item aligned to CAPE Economics syllabus CXC A20/U2/26 (effective for examinations from May–June 2027). Not a CXC past-paper or specimen item. Figures, where used, are fictional."
CE-088,1,Microeconomics,2,"Market Structure, Market Failure and Intervention",Intervention,1.2.3,Medium,knowledge,mcq,Government failure occurs when,a Pigouvian tax equals marginal external cost,consumers have perfect information,"intervention leaves society worse off than the market outcome it tried to correct, or wastes resources",a market reaches Pareto efficiency,C,"Governments can misjudge the size of an externality, favour interest groups, or impose administrative costs larger than the benefit.",1,,,"Original classroom item aligned to CAPE Economics syllabus CXC A20/U2/26 (effective for examinations from May–June 2027). Not a CXC past-paper or specimen item. Figures, where used, are fictional."
CE-089,1,Microeconomics,2,"Market Structure, Market Failure and Intervention",Intervention,1.2.3,Medium,knowledge,mcq,"Regulation that simply bans pollution above a limit, compared with a tax,",can hit a quantity target but may not minimise the cost of doing so if firms face different abatement costs,is the same instrument as a producer subsidy,always costs less than a tax for every firm,cannot reduce pollution,A,A uniform quota ignores which firms can cut pollution more cheaply. A tax or permit market gives those firms a stronger reason to cut more.,1,,,"Original classroom item aligned to CAPE Economics syllabus CXC A20/U2/26 (effective for examinations from May–June 2027). Not a CXC past-paper or specimen item. Figures, where used, are fictional."
CE-090,1,Microeconomics,2,"Market Structure, Market Failure and Intervention",Intervention,1.2.3,Medium,knowledge,mcq,Tradable pollution permits,are a form of public good provided free to polluters with no cap,cap the total quantity of pollution and let firms buy and sell the right to emit,force every firm to emit the same amount whatever the cost,set no limit on total pollution,B,"The cap fixes the total externality. Trade lets firms that can cut emissions cheaply sell permits to firms that cannot, which reduces the cost of meeting the cap.",1,,,"Original classroom item aligned to CAPE Economics syllabus CXC A20/U2/26 (effective for examinations from May–June 2027). Not a CXC past-paper or specimen item. Figures, where used, are fictional."
CE-091,1,Microeconomics,2,"Market Structure, Market Failure and Intervention",Intervention,1.2.3,Hard,application,mcq,"A natural monopoly, with falling average cost over the whole market, is sometimes regulated rather than broken up because",one firm can produce the whole output at a lower average cost than several firms,competition always lowers average cost in this case,marginal cost is above average cost,the good is non-excludable,A,"When average cost is still falling at market demand, splitting the firm raises cost. Regulation may then be used to limit the monopoly price.",1,,,"Original classroom item aligned to CAPE Economics syllabus CXC A20/U2/26 (effective for examinations from May–June 2027). Not a CXC past-paper or specimen item. Figures, where used, are fictional."
CE-092,1,Microeconomics,2,"Market Structure, Market Failure and Intervention",Intervention,1.2.3,Medium,application,mcq,A subsidy is a suitable market-based response to,"a pure monopoly, if the aim is to raise price",a positive externality that causes under-consumption or under-production,"a shortage caused by a price ceiling, if the aim is to lower supply","a negative externality that causes over-production, if the aim is to raise output further",B,"A subsidy lowers the private cost or price and increases quantity, which can close the gap created by a positive externality.",1,,,"Original classroom item aligned to CAPE Economics syllabus CXC A20/U2/26 (effective for examinations from May–June 2027). Not a CXC past-paper or specimen item. Figures, where used, are fictional."
CE-093,1,Microeconomics,2,"Market Structure, Market Failure and Intervention",Intervention,1.2.3,Medium,application,mcq,Competition policy is used to,force every industry to become a monopoly,ban all advertising of differentiated products,restrict abuse of monopoly power and anti-competitive agreements,set price equal to average fixed cost,C,"Laws against cartels, mergers that harm competition, and abuse of a dominant position are meant to move price and output closer to the competitive outcome.",1,,,"Original classroom item aligned to CAPE Economics syllabus CXC A20/U2/26 (effective for examinations from May–June 2027). Not a CXC past-paper or specimen item. Figures, where used, are fictional."
CE-094,1,Microeconomics,2,"Market Structure, Market Failure and Intervention",Intervention,1.2.3,Medium,application,mcq,Compulsory labelling of the health risk on a demerit good is an intervention aimed at,a public-good free-rider problem only,constant opportunity cost,information failure,joint supply,C,"If over-consumption comes from consumers not knowing the risk, information can change demand without banning the good.",1,,,"Original classroom item aligned to CAPE Economics syllabus CXC A20/U2/26 (effective for examinations from May–June 2027). Not a CXC past-paper or specimen item. Figures, where used, are fictional."
CE-095,1,Microeconomics,2,"Market Structure, Market Failure and Intervention",Intervention,1.2.3,Easy,application,mcq,Governments often provide street lighting directly because,it is a private good with no free riders,it is a demerit good,it is a public good and the market would under-provide it,marginal cost is always above willingness to pay,C,"Non-excludability and non-rivalry make voluntary payment unreliable, so public provision or public finance is a standard remedy.",1,,,"Original classroom item aligned to CAPE Economics syllabus CXC A20/U2/26 (effective for examinations from May–June 2027). Not a CXC past-paper or specimen item. Figures, where used, are fictional."
CE-096,1,Microeconomics,2,"Market Structure, Market Failure and Intervention",Intervention,1.2.3,Medium,application,mcq,Providing a merit good free at the point of use is intended to,raise consumption toward the socially desirable level,reduce consumption to zero,turn the good into a demerit good,create a negative externality,A,"A zero price removes the private cost barrier. That can be justified when information failure or external benefits mean the market quantity is too low, though it has a cost in taxation and possible over-use.",1,,,"Original classroom item aligned to CAPE Economics syllabus CXC A20/U2/26 (effective for examinations from May–June 2027). Not a CXC past-paper or specimen item. Figures, where used, are fictional."
CE-097,1,Microeconomics,2,"Market Structure, Market Failure and Intervention",Intervention,1.2.3,Easy,application,mcq,Which intervention directly targets a negative consumption externality of cigarettes?,A subsidy that lowers the price,A price ceiling that creates a shortage and raises consumption,A specific tax that raises the price buyers pay,Free provision of cigarettes as if they were a public good,C,"A tax reduces quantity demanded. A subsidy or free provision would increase consumption, which is the wrong direction for a demerit good.",1,,,"Original classroom item aligned to CAPE Economics syllabus CXC A20/U2/26 (effective for examinations from May–June 2027). Not a CXC past-paper or specimen item. Figures, where used, are fictional."
CE-098,1,Microeconomics,2,"Market Structure, Market Failure and Intervention",Intervention,1.2.3,Hard,application,mcq,Which is a possible cost of using a tax to correct an externality?,Taxes cannot be levied on producers,"If the tax is much larger than the marginal external cost, output falls below the social optimum",The tax removes private costs as well as external costs from the firm's accounts,A correctly set tax always increases the externality,B,Too large a tax over-corrects. The firm then produces less than the output at which marginal social benefit equals marginal social cost.,1,,,"Original classroom item aligned to CAPE Economics syllabus CXC A20/U2/26 (effective for examinations from May–June 2027). Not a CXC past-paper or specimen item. Figures, where used, are fictional."
CE-099,1,Microeconomics,2,"Market Structure, Market Failure and Intervention",Market Failure,1.2.2,Medium,knowledge,mcq,A demerit good is,a good with a positive consumption externality only,a pure public good,a good that the free market over-consumes relative to the socially desirable level,any inferior good,C,"Demerit goods, such as cigarettes in the usual example, are over-consumed because consumers ignore harm to themselves or others, or lack information.",1,,,"Original classroom item aligned to CAPE Economics syllabus CXC A20/U2/26 (effective for examinations from May–June 2027). Not a CXC past-paper or specimen item. Figures, where used, are fictional."
CE-100,1,Microeconomics,2,"Market Structure, Market Failure and Intervention",Market Failure,1.2.2,Medium,knowledge,mcq,A merit good is,any good the rich buy,"a good that the free market under-consumes relative to the socially desirable level, often because of poor information or a positive externality",a good the market over-consumes,a good that is always non-excludable,B,"Merit goods, such as preventive health care or basic education in the usual examples, are under-consumed if left only to private decisions. They can still be private goods.",1,,,"Original classroom item aligned to CAPE Economics syllabus CXC A20/U2/26 (effective for examinations from May–June 2027). Not a CXC past-paper or specimen item. Figures, where used, are fictional."
CE-101,1,Microeconomics,2,"Market Structure, Market Failure and Intervention",Market Failure,1.2.2,Medium,knowledge,mcq,A negative production externality means,the good is a public good,marginal social benefit is above marginal private benefit,"marginal social cost is below marginal private cost, and the market produces too little","marginal social cost is above marginal private cost, and the free market produces too much",D,"The firm ignores costs imposed on others, so MSC = MPC + external cost. Private equilibrium output is higher than the social optimum.",1,,,"Original classroom item aligned to CAPE Economics syllabus CXC A20/U2/26 (effective for examinations from May–June 2027). Not a CXC past-paper or specimen item. Figures, where used, are fictional."
CE-102,1,Microeconomics,2,"Market Structure, Market Failure and Intervention",Market Failure,1.2.2,Medium,knowledge,mcq,A positive consumption externality means,the good must be a demerit good,marginal social cost exceeds marginal private cost,the market consumes too much,"marginal social benefit exceeds marginal private benefit, and the free market consumes too little",D,"Others gain from this consumption, but the buyer counts only private benefit, so too little is consumed.",1,,,"Original classroom item aligned to CAPE Economics syllabus CXC A20/U2/26 (effective for examinations from May–June 2027). Not a CXC past-paper or specimen item. Figures, where used, are fictional."
CE-103,1,Microeconomics,2,"Market Structure, Market Failure and Intervention",Market Failure,1.2.2,Easy,knowledge,mcq,A pure private good is,rival and excludable,non-rival and excludable only if it is a public good,rival and non-excludable,non-rival and non-excludable,A,"One person's consumption of a private good reduces what is left for others, and non-payers can be kept from using it.",1,,,"Original classroom item aligned to CAPE Economics syllabus CXC A20/U2/26 (effective for examinations from May–June 2027). Not a CXC past-paper or specimen item. Figures, where used, are fictional."
CE-104,1,Microeconomics,2,"Market Structure, Market Failure and Intervention",Market Failure,1.2.2,Easy,knowledge,mcq,A pure public good is,rival and excludable,rival and non-excludable,non-rival and non-excludable,excludable and always sold by a monopolist,C,Non-rival means one person's use does not reduce another's. Non-excludable means non-payers cannot be kept out. Street lighting is the usual example.,1,,,"Original classroom item aligned to CAPE Economics syllabus CXC A20/U2/26 (effective for examinations from May–June 2027). Not a CXC past-paper or specimen item. Figures, where used, are fictional."
CE-105,1,Microeconomics,2,"Market Structure, Market Failure and Intervention",Market Failure,1.2.2,Medium,knowledge,mcq,An allocation is Pareto efficient when,nobody can be made better off without making someone else worse off,"one person can gain without any cost to anyone else, and that change has not yet been made",the government owns every firm,everyone has the same income,A,Pareto efficiency means all mutually beneficial changes have already been exhausted. It does not mean incomes are equal.,1,,,"Original classroom item aligned to CAPE Economics syllabus CXC A20/U2/26 (effective for examinations from May–June 2027). Not a CXC past-paper or specimen item. Figures, where used, are fictional."
CE-106,1,Microeconomics,2,"Market Structure, Market Failure and Intervention",Market Failure,1.2.2,Medium,knowledge,mcq,Information failure causes market failure when,the good is a free good,buyers or sellers lack information and so consume or produce the wrong amount,everyone has perfect information,prices are flexible,B,"If consumers do not know the benefits of a merit good, or the harm of a demerit good, their choices are not the efficient ones.",1,,,"Original classroom item aligned to CAPE Economics syllabus CXC A20/U2/26 (effective for examinations from May–June 2027). Not a CXC past-paper or specimen item. Figures, where used, are fictional."
CE-107,1,Microeconomics,2,"Market Structure, Market Failure and Intervention",Market Failure,1.2.2,Easy,knowledge,mcq,Market failure means that,the free market does not achieve an efficient allocation of resources,any firm earns normal profit,the market price is above zero,consumers buy a good,A,"Failure is judged against efficiency, especially allocative efficiency, not against the mere existence of a price.",1,,,"Original classroom item aligned to CAPE Economics syllabus CXC A20/U2/26 (effective for examinations from May–June 2027). Not a CXC past-paper or specimen item. Figures, where used, are fictional."
CE-108,1,Microeconomics,2,"Market Structure, Market Failure and Intervention",Market Failure,1.2.2,Hard,knowledge,mcq,"Missing markets, as a cause of market failure, means",every externality has a price,the stock exchange has closed for a holiday,demand equals supply,"some costs or benefits are not priced, so no market coordinates them",D,Externalities and public goods are examples of effects that lack a complete market. There is then no price to signal the right quantity.,1,,,"Original classroom item aligned to CAPE Economics syllabus CXC A20/U2/26 (effective for examinations from May–June 2027). Not a CXC past-paper or specimen item. Figures, where used, are fictional."
CE-109,1,Microeconomics,2,"Market Structure, Market Failure and Intervention",Market Failure,1.2.2,Hard,application,mcq,"An open-access fishery, where anyone may fish and one boat's catch reduces the stock, is","rival but non-excludable, so it tends to be overused","a pure private good, because a licence is always required","a pure public good, because the fish are non-rival",non-rival and excludable,A,"Fish taken by one boat are not available to others, so the resource is rival. If nobody can be excluded, fishers ignore the cost they impose on others and overfish. That is not a pure public good.",1,,,"Original classroom item aligned to CAPE Economics syllabus CXC A20/U2/26 (effective for examinations from May–June 2027). Not a CXC past-paper or specimen item. Figures, where used, are fictional."
CE-110,1,Microeconomics,2,"Market Structure, Market Failure and Intervention",Market Failure,1.2.2,Medium,application,mcq,"Education can be excludable and rival in a classroom, yet still be treated as a merit good. That shows",every merit good is non-excludable,rivalry and exclusion are the same thing,education cannot have a positive externality,a merit good need not be a public good,D,Public goods are defined by non-rivalry and non-exclusion. Merit goods are defined by under-consumption. A good can be one without being the other.,1,,,"Original classroom item aligned to CAPE Economics syllabus CXC A20/U2/26 (effective for examinations from May–June 2027). Not a CXC past-paper or specimen item. Figures, where used, are fictional."
CE-111,1,Microeconomics,2,"Market Structure, Market Failure and Intervention",Market Failure,1.2.2,Medium,application,mcq,Monopoly power is a source of market failure because,"price is set above marginal cost, so too little is produced",free entry removes every barrier at once,price equals marginal cost,the firm must produce at minimum average cost,A,The output where MR = MC is smaller than the output where P = MC. That under-production is allocatively inefficient.,1,,,"Original classroom item aligned to CAPE Economics syllabus CXC A20/U2/26 (effective for examinations from May–June 2027). Not a CXC past-paper or specimen item. Figures, where used, are fictional."
CE-112,1,Microeconomics,2,"Market Structure, Market Failure and Intervention",Market Failure,1.2.2,Easy,application,mcq,Smoke from a factory harms nearby residents and the firm does not pay them. This is,a public good,a negative production externality,a positive consumption externality,a merit good,B,The cost falls on third parties during production and is not in the firm's private cost. Output is likely to be too high.,1,,,"Original classroom item aligned to CAPE Economics syllabus CXC A20/U2/26 (effective for examinations from May–June 2027). Not a CXC past-paper or specimen item. Figures, where used, are fictional."
CE-113,1,Microeconomics,2,"Market Structure, Market Failure and Intervention",Market Failure,1.2.2,Medium,application,mcq,The free-rider problem of a public good arises because,the government always over-provides private goods,marginal cost is above average cost,"people can benefit without paying, so the market under-provides the good","the good is rival, so one user blocks every other user",C,"If exclusion is impossible, each person waits for someone else to pay. Private firms then cannot cover costs from voluntary payments.",1,,,"Original classroom item aligned to CAPE Economics syllabus CXC A20/U2/26 (effective for examinations from May–June 2027). Not a CXC past-paper or specimen item. Figures, where used, are fictional."
CE-114,1,Microeconomics,2,"Market Structure, Market Failure and Intervention",Market Failure,1.2.2,Medium,application,mcq,The socially efficient output of a good with an external cost is where,marginal social benefit equals marginal social cost,"marginal private cost equals marginal private benefit, ignoring the external cost",price is below marginal social cost by as much as possible,output is zero in every case,A,"Efficiency requires all benefits and costs, including external ones, to be balanced at the margin. The private market equates only private benefit and private cost.",1,,,"Original classroom item aligned to CAPE Economics syllabus CXC A20/U2/26 (effective for examinations from May–June 2027). Not a CXC past-paper or specimen item. Figures, where used, are fictional."
CE-115,1,Microeconomics,2,"Market Structure, Market Failure and Intervention",Market Structure,1.2.1,Easy,knowledge,mcq,A firm is best described as,the whole group of firms selling a product,any household that only consumes,a unit that employs factors to produce goods or services for sale,a market with one buyer,C,A firm produces for sale. An industry is the group of firms producing a particular product.,1,,,"Original classroom item aligned to CAPE Economics syllabus CXC A20/U2/26 (effective for examinations from May–June 2027). Not a CXC past-paper or specimen item. Figures, where used, are fictional."
CE-116,1,Microeconomics,2,"Market Structure, Market Failure and Intervention",Market Structure,1.2.1,Medium,knowledge,mcq,A four-firm concentration ratio of 90 percent means,the Herfindahl-Hirschman index is 90,each of four firms has a 90 percent share,the largest four firms supply 90 percent of the market,the market is perfectly competitive,C,CR4 is the sum of the market shares of the four largest firms. A high ratio means the industry is concentrated.,1,,,"Original classroom item aligned to CAPE Economics syllabus CXC A20/U2/26 (effective for examinations from May–June 2027). Not a CXC past-paper or specimen item. Figures, where used, are fictional."
CE-117,1,Microeconomics,2,"Market Structure, Market Failure and Intervention",Market Structure,1.2.1,Hard,knowledge,mcq,A limitation of concentration ratios is that they,measure marginal cost directly,"do not by themselves show barriers to entry, contestability or how firms actually behave",always equal the Lerner index,prove that price equals marginal cost,B,"A high share can still be consistent with competitive pressure if entry is easy. Concentration is a structural clue, not a full measure of performance.",1,,,"Original classroom item aligned to CAPE Economics syllabus CXC A20/U2/26 (effective for examinations from May–June 2027). Not a CXC past-paper or specimen item. Figures, where used, are fictional."
CE-118,1,Microeconomics,2,"Market Structure, Market Failure and Intervention",Market Structure,1.2.1,Hard,knowledge,mcq,A market is contestable when,the government bans entry,"entry and exit are easy and sunk costs are low, so even a few firms may behave competitively",one firm owns an essential resource that cannot be duplicated,sunk costs are very high,B,The threat of hit-and-run entry can discipline incumbents if leaving does not sacrifice large sunk costs.,1,,,"Original classroom item aligned to CAPE Economics syllabus CXC A20/U2/26 (effective for examinations from May–June 2027). Not a CXC past-paper or specimen item. Figures, where used, are fictional."
CE-119,1,Microeconomics,2,"Market Structure, Market Failure and Intervention",Market Structure,1.2.1,Medium,knowledge,mcq,"A perfectly competitive firm is a price taker, so",marginal revenue is below average revenue,price equals average revenue and marginal revenue,the firm sets the market price on its own,average revenue falls as it sells more,B,"The firm can sell any quantity at the market price, so the demand it faces is horizontal and P = AR = MR.",1,,,"Original classroom item aligned to CAPE Economics syllabus CXC A20/U2/26 (effective for examinations from May–June 2027). Not a CXC past-paper or specimen item. Figures, where used, are fictional."
CE-120,1,Microeconomics,2,"Market Structure, Market Failure and Intervention",Market Structure,1.2.1,Medium,knowledge,mcq,A profit-maximising monopolist chooses the output where,"marginal cost equals average revenue, always",total revenue is zero,"price equals minimum average cost, by law","marginal revenue equals marginal cost, and then charges the price on the demand curve",D,"The output rule is MR = MC for any profit-maximising firm. The monopolist reads the price from demand, so price exceeds marginal cost.",1,,,"Original classroom item aligned to CAPE Economics syllabus CXC A20/U2/26 (effective for examinations from May–June 2027). Not a CXC past-paper or specimen item. Figures, where used, are fictional."
CE-121,1,Microeconomics,2,"Market Structure, Market Failure and Intervention",Market Structure,1.2.1,Medium,knowledge,mcq,A single-price monopoly is allocatively inefficient because,price is greater than marginal cost,price equals marginal cost,it must produce at minimum average cost,it earns only normal profit by definition,A,"P > MC means consumers value extra units more than they cost to produce, but the monopolist does not produce them.",1,,,"Original classroom item aligned to CAPE Economics syllabus CXC A20/U2/26 (effective for examinations from May–June 2027). Not a CXC past-paper or specimen item. Figures, where used, are fictional."
CE-122,1,Microeconomics,2,"Market Structure, Market Failure and Intervention",Market Structure,1.2.1,Easy,knowledge,mcq,An industry is,the group of firms producing a particular type of good or service,the same thing as a household,a single plant only,always a monopoly,A,"Industry refers to the collection of firms in a market, not to one firm.",1,,,"Original classroom item aligned to CAPE Economics syllabus CXC A20/U2/26 (effective for examinations from May–June 2027). Not a CXC past-paper or specimen item. Figures, where used, are fictional."
CE-123,1,Microeconomics,2,"Market Structure, Market Failure and Intervention",Market Structure,1.2.1,Medium,knowledge,mcq,"Compared with the four-firm concentration ratio, the Herfindahl-Hirschman index",ignores the largest firm,is always equal to CR4,cannot be calculated from percentage shares,gives extra weight to firms with larger shares because shares are squared,D,"Squaring means a market dominated by one firm has a higher HHI than a market whose four leaders are equal, even if CR4 is similar.",1,,,"Original classroom item aligned to CAPE Economics syllabus CXC A20/U2/26 (effective for examinations from May–June 2027). Not a CXC past-paper or specimen item. Figures, where used, are fictional."
CE-124,1,Microeconomics,2,"Market Structure, Market Failure and Intervention",Market Structure,1.2.1,Medium,knowledge,mcq,"For a single-price monopolist facing a downward-sloping demand curve,",marginal revenue is above price,marginal revenue equals average revenue at every output,the firm is a price taker,marginal revenue is below average revenue,D,"To sell one more unit the monopolist lowers the price on all units, so the extra revenue is less than the price. MR lies below AR.",1,,,"Original classroom item aligned to CAPE Economics syllabus CXC A20/U2/26 (effective for examinations from May–June 2027). Not a CXC past-paper or specimen item. Figures, where used, are fictional."
CE-125,1,Microeconomics,2,"Market Structure, Market Failure and Intervention",Market Structure,1.2.1,Medium,knowledge,mcq,In long-run equilibrium a perfectly competitive firm produces where,marginal cost is below average variable cost,"price equals minimum average total cost, so profit is normal",marginal revenue is zero,price is above average total cost,B,Free entry drives price to the minimum of average total cost. The firm then earns normal profit and is productively efficient.,1,,,"Original classroom item aligned to CAPE Economics syllabus CXC A20/U2/26 (effective for examinations from May–June 2027). Not a CXC past-paper or specimen item. Figures, where used, are fictional."
CE-126,1,Microeconomics,2,"Market Structure, Market Failure and Intervention",Market Structure,1.2.1,Hard,knowledge,mcq,In long-run monopolistic competition the firm,"earns normal profit and has excess capacity, producing less than the output at minimum average cost",earns supernormal profit forever,sets price equal to marginal cost,produces at the minimum of average cost,A,"Entry shifts the firm's demand until it is tangent to average cost, which is normal profit. Tangency is on the falling part of average cost, so there is excess capacity, and price still exceeds marginal cost.",1,,,"Original classroom item aligned to CAPE Economics syllabus CXC A20/U2/26 (effective for examinations from May–June 2027). Not a CXC past-paper or specimen item. Figures, where used, are fictional."
CE-127,1,Microeconomics,2,"Market Structure, Market Failure and Intervention",Market Structure,1.2.1,Hard,knowledge,mcq,"In the kinked-demand model of oligopoly, price is rigid because",firms are price takers,rivals are assumed to match a price cut but not a price rise,demand is perfectly elastic for a price cut,marginal cost always equals price,B,"A price rise loses customers if rivals do not follow, while a price cut is matched so sales hardly rise. The kink creates a break in marginal revenue, and marginal cost can move inside that break without changing price.",1,,,"Original classroom item aligned to CAPE Economics syllabus CXC A20/U2/26 (effective for examinations from May–June 2027). Not a CXC past-paper or specimen item. Figures, where used, are fictional."
CE-128,1,Microeconomics,2,"Market Structure, Market Failure and Intervention",Market Structure,1.2.1,Hard,knowledge,mcq,Long-run equilibrium in perfect competition is allocatively efficient because,marginal revenue is below price,price is greater than marginal cost,the firm holds spare capacity on purpose,price equals marginal cost,D,"Allocative efficiency requires P = MC, so the value consumers place on the last unit equals the cost of producing it. Perfect competition meets that condition.",1,,,"Original classroom item aligned to CAPE Economics syllabus CXC A20/U2/26 (effective for examinations from May–June 2027). Not a CXC past-paper or specimen item. Figures, where used, are fictional."
CE-129,1,Microeconomics,2,"Market Structure, Market Failure and Intervention",Market Structure,1.2.1,Easy,knowledge,mcq,Market structure is distinguished by features such as,"the number of firms, product similarity, ease of entry and information",whether the finance minister is elected,the month of the year only,the colour of the product only,A,"Those four features are the usual basis for perfect competition, monopoly, monopolistic competition and oligopoly.",1,,,"Original classroom item aligned to CAPE Economics syllabus CXC A20/U2/26 (effective for examinations from May–June 2027). Not a CXC past-paper or specimen item. Figures, where used, are fictional."
CE-130,1,Microeconomics,2,"Market Structure, Market Failure and Intervention",Market Structure,1.2.1,Easy,knowledge,mcq,Monopolistic competition is characterised by,a homogeneous product and no advertising,a few interdependent firms,one firm and blocked entry,"many firms, differentiated products, and free entry",D,"Product differentiation gives each firm some price-setting power, but free entry prevents long-run supernormal profit.",1,,,"Original classroom item aligned to CAPE Economics syllabus CXC A20/U2/26 (effective for examinations from May–June 2027). Not a CXC past-paper or specimen item. Figures, where used, are fictional."
CE-131,1,Microeconomics,2,"Market Structure, Market Failure and Intervention",Market Structure,1.2.1,Easy,knowledge,mcq,Oligopoly is a market with,thousands of firms that ignore each other,free entry and a homogeneous product sold by price takers,one firm only,"a few firms, each aware that its decisions affect rivals",D,Interdependence is the defining conduct of oligopoly: each firm must consider how the others will react.,1,,,"Original classroom item aligned to CAPE Economics syllabus CXC A20/U2/26 (effective for examinations from May–June 2027). Not a CXC past-paper or specimen item. Figures, where used, are fictional."
CE-132,1,Microeconomics,2,"Market Structure, Market Failure and Intervention",Market Structure,1.2.1,Easy,knowledge,mcq,Which features fit a pure monopoly?,Many sellers of differentiated products and free entry,Many sellers of an identical product and free entry,"One seller, no close substitute, and barriers that block entry",A few firms that must each take the price as given,C,"Monopoly is a single seller protected by barriers, so close substitutes and free entry are absent.",1,,,"Original classroom item aligned to CAPE Economics syllabus CXC A20/U2/26 (effective for examinations from May–June 2027). Not a CXC past-paper or specimen item. Figures, where used, are fictional."
CE-133,1,Microeconomics,2,"Market Structure, Market Failure and Intervention",Market Structure,1.2.1,Easy,knowledge,mcq,Which set of features fits perfect competition?,One seller protected by barriers to entry,A few interdependent sellers of similar products,"Many buyers and sellers, a homogeneous product, free entry and perfect information",Many sellers of differentiated products and free entry,C,"Perfect competition requires price-taking firms selling an identical product, with no barriers to entry.",1,,,"Original classroom item aligned to CAPE Economics syllabus CXC A20/U2/26 (effective for examinations from May–June 2027). Not a CXC past-paper or specimen item. Figures, where used, are fictional."
CE-134,1,Microeconomics,2,"Market Structure, Market Failure and Intervention",Market Structure,1.2.1,Medium,application,mcq,A monopolist can earn supernormal profit in the long run if,there is free entry,barriers stop new firms from entering,price equals marginal cost,the demand curve is horizontal,B,"Barriers protect supernormal profit. Free entry, as in perfect or monopolistic competition, competes that profit away in the long run.",1,,,"Original classroom item aligned to CAPE Economics syllabus CXC A20/U2/26 (effective for examinations from May–June 2027). Not a CXC past-paper or specimen item. Figures, where used, are fictional."
CE-135,1,Microeconomics,2,"Market Structure, Market Failure and Intervention",Market Structure,1.2.1,Medium,application,mcq,"A perfectly competitive firm is making supernormal profit in the short run. With free entry, the long-run outcome is","entry of firms, a lower market price, and only normal profit",permanent supernormal profit because entry is blocked,a kinked demand curve,exit of firms and a higher price,A,"Supernormal profit attracts entry. Market supply rises, price falls, and profit is competed down to normal profit.",1,,,"Original classroom item aligned to CAPE Economics syllabus CXC A20/U2/26 (effective for examinations from May–June 2027). Not a CXC past-paper or specimen item. Figures, where used, are fictional."
CE-136,1,Microeconomics,2,"Market Structure, Market Failure and Intervention",Market Structure,1.2.1,Medium,application,mcq,Members of a cartel have an incentive to cheat because,free entry makes cheating impossible,cheating always raises the market price,a cartel has no agreed output,a firm that secretly sells more at a price below the cartel price can raise its own profit,D,"The cartel price is above marginal cost, so one firm gains by selling extra units if it is not detected. That incentive makes cartels unstable.",1,,,"Original classroom item aligned to CAPE Economics syllabus CXC A20/U2/26 (effective for examinations from May–June 2027). Not a CXC past-paper or specimen item. Figures, where used, are fictional."
CE-137,1,Microeconomics,2,"Market Structure, Market Failure and Intervention",Market Structure,1.2.1,Hard,calculation,mcq,"A single seller of clinic services in Port Clare faces the following marginal revenue, already calculated from its demand schedule: Q=1, P=EC$20, MR=EC$20; Q=2, P=EC$19, MR=EC$18; Q=3, P=EC$18, MR=EC$16; Q=4, P=EC$17, MR=EC$14; Q=5, P=EC$16, MR=EC$12. Marginal cost is constant at EC$20. The profit-maximising output, where MR = MC and the next unit would have MR below MC, is",5 units,1 units,2 units,1 unit,B,"At 1 units MR is EC$20, equal to MC. The following unit has lower MR, so it would reduce profit.",1,1,units,"Original classroom item aligned to CAPE Economics syllabus CXC A20/U2/26 (effective for examinations from May–June 2027). Not a CXC past-paper or specimen item. Figures, where used, are fictional."
CE-138,1,Microeconomics,2,"Market Structure, Market Failure and Intervention",Market Structure,1.2.1,Hard,calculation,mcq,"A single seller of island ferry services in St Brice faces the following marginal revenue, already calculated from its demand schedule: Q=1, P=EC$12, MR=EC$12; Q=2, P=EC$11, MR=EC$10; Q=3, P=EC$10, MR=EC$8; Q=4, P=EC$9, MR=EC$6; Q=5, P=EC$8, MR=EC$4; Q=6, P=EC$7, MR=EC$2. Marginal cost is constant at EC$12. The profit-maximising output, where MR = MC and the next unit would have MR below MC, is",1 units,2 units,1 unit,6 units,A,"At 1 units MR is EC$12, equal to MC. The following unit has lower MR, so it would reduce profit.",1,1,units,"Original classroom item aligned to CAPE Economics syllabus CXC A20/U2/26 (effective for examinations from May–June 2027). Not a CXC past-paper or specimen item. Figures, where used, are fictional."
CE-139,1,Microeconomics,2,"Market Structure, Market Failure and Intervention",Market Structure,1.2.1,Hard,calculation,mcq,"A single seller of quarry services in Maren Island faces the following marginal revenue, already calculated from its demand schedule: Q=1, P=EC$15, MR=EC$15; Q=2, P=EC$14, MR=EC$13; Q=3, P=EC$13, MR=EC$11; Q=4, P=EC$12, MR=EC$9. Marginal cost is constant at EC$15. The profit-maximising output, where MR = MC and the next unit would have MR below MC, is",2 units,4 units,1 units,1 unit,C,"At 1 units MR is EC$15, equal to MC. The following unit has lower MR, so it would reduce profit.",1,1,units,"Original classroom item aligned to CAPE Economics syllabus CXC A20/U2/26 (effective for examinations from May–June 2027). Not a CXC past-paper or specimen item. Figures, where used, are fictional."
CE-140,1,Microeconomics,2,"Market Structure, Market Failure and Intervention",Market Structure,1.2.1,Hard,calculation,mcq,"Bay Boats is a price taker. Market price is EC$15. Marginal cost of successive units is unit 1: EC$8, unit 2: EC$10, unit 3: EC$12, unit 4: EC$18, unit 5: EC$27. Average variable cost at each output is 1 units: EC$8, 2 units: EC$9, 3 units: EC$10, 4 units: EC$12, 5 units: EC$15. The firm produces the largest output at which marginal cost does not exceed price, provided price is greater than average variable cost. It should produce",4 units,3 units,2 units,5 units,B,"Marginal cost stays at or below EC$15 up to 3 units and is higher after that. AVC at 3 units is EC$10, which is below price, so the firm covers variable cost.",1,3,units,"Original classroom item aligned to CAPE Economics syllabus CXC A20/U2/26 (effective for examinations from May–June 2027). Not a CXC past-paper or specimen item. Figures, where used, are fictional."
CE-141,1,Microeconomics,2,"Market Structure, Market Failure and Intervention",Market Structure,1.2.1,Medium,calculation,mcq,"Bay Boats sells in a perfectly competitive market at EC$50 per unit. Total fixed cost is EC$25. Total variable cost at 4 units is EC$80. Economic profit at 4 units, using profit = total revenue − total cost, is",EC$120,-EC$25,EC$95,EC$175,C,Total revenue is EC$50 × 4 = EC$200. Total cost is EC$25 + EC$80 = EC$105. Economic profit is EC$95. At this output AVC is EC$20 and marginal cost of the unit is EC$25.,1,95,EC$,"Original classroom item aligned to CAPE Economics syllabus CXC A20/U2/26 (effective for examinations from May–June 2027). Not a CXC past-paper or specimen item. Figures, where used, are fictional."
CE-142,1,Microeconomics,2,"Market Structure, Market Failure and Intervention",Market Structure,1.2.1,Medium,calculation,mcq,"Bellecombe Bakery has total fixed cost of EC$120. Total variable cost is EC$30 at 1 unit, EC$54 at 2 units, EC$90 at 3 units, EC$136 at 4 units, EC$200 at 5 units. Average fixed cost at 2 units is",EC$27,EC$87,EC$60,EC$24,C,AFC = TFC/Q = 120/2 = 60. Fixed cost does not change with output.,1,60,EC$,"Original classroom item aligned to CAPE Economics syllabus CXC A20/U2/26 (effective for examinations from May–June 2027). Not a CXC past-paper or specimen item. Figures, where used, are fictional."
CE-143,1,Microeconomics,2,"Market Structure, Market Failure and Intervention",Market Structure,1.2.1,Medium,calculation,mcq,"Bellecombe Bakery has total fixed cost of EC$120. Total variable cost is EC$30 at 1 unit, EC$54 at 2 units, EC$90 at 3 units, EC$136 at 4 units, EC$200 at 5 units. Average total cost at 4 units is",EC$34,EC$46,EC$64,EC$30,C,ATC = TC/Q = 256/4 = 64.,1,64,EC$,"Original classroom item aligned to CAPE Economics syllabus CXC A20/U2/26 (effective for examinations from May–June 2027). Not a CXC past-paper or specimen item. Figures, where used, are fictional."
CE-144,1,Microeconomics,2,"Market Structure, Market Failure and Intervention",Market Structure,1.2.1,Medium,calculation,mcq,"Bellecombe Bakery has total fixed cost of EC$120. Total variable cost is EC$30 at 1 unit, EC$54 at 2 units, EC$90 at 3 units, EC$136 at 4 units, EC$200 at 5 units. Average variable cost at 3 units is",EC$40,EC$30,EC$70,EC$36,B,AVC = TVC/Q = 90/3 = 30.,1,30,EC$,"Original classroom item aligned to CAPE Economics syllabus CXC A20/U2/26 (effective for examinations from May–June 2027). Not a CXC past-paper or specimen item. Figures, where used, are fictional."
CE-145,1,Microeconomics,2,"Market Structure, Market Failure and Intervention",Market Structure,1.2.1,Medium,calculation,mcq,"Bellecombe Bakery has total fixed cost of EC$120. Total variable cost is EC$30 at 1 unit, EC$54 at 2 units, EC$90 at 3 units, EC$136 at 4 units, EC$200 at 5 units. Marginal cost of the 4th unit is",EC$34,EC$30,EC$46,EC$64,C,MC of the 4th unit is TC(4) − TC(3) = 256 − 210 = 46.,1,46,EC$,"Original classroom item aligned to CAPE Economics syllabus CXC A20/U2/26 (effective for examinations from May–June 2027). Not a CXC past-paper or specimen item. Figures, where used, are fictional."
CE-146,1,Microeconomics,2,"Market Structure, Market Failure and Intervention",Market Structure,1.2.1,Medium,calculation,mcq,"Bellecombe Bakery has total fixed cost of EC$120. Total variable cost is EC$30 at 1 unit, EC$54 at 2 units, EC$90 at 3 units, EC$136 at 4 units, EC$200 at 5 units. Total cost at 5 units is",EC$320,EC$64,EC$24,EC$40,A,TC = TFC + TVC = 120 + 200 = 320.,1,320,EC$,"Original classroom item aligned to CAPE Economics syllabus CXC A20/U2/26 (effective for examinations from May–June 2027). Not a CXC past-paper or specimen item. Figures, where used, are fictional."
CE-147,1,Microeconomics,2,"Market Structure, Market Failure and Intervention",Market Structure,1.2.1,Hard,calculation,mcq,"Claremont Clay is a price taker. Market price is EC$16. Marginal cost of successive units is unit 1: EC$12, unit 2: EC$8, unit 3: EC$16, unit 4: EC$20, unit 5: EC$24. Average variable cost at each output is 1 units: EC$12, 2 units: EC$10, 3 units: EC$12, 4 units: EC$14, 5 units: EC$16. The firm produces the largest output at which marginal cost does not exceed price, provided price is greater than average variable cost. It should produce",3 units,4 units,5 units,2 units,A,"Marginal cost stays at or below EC$16 up to 3 units and is higher after that. AVC at 3 units is EC$12, which is below price, so the firm covers variable cost.",1,3,units,"Original classroom item aligned to CAPE Economics syllabus CXC A20/U2/26 (effective for examinations from May–June 2027). Not a CXC past-paper or specimen item. Figures, where used, are fictional."
CE-148,1,Microeconomics,2,"Market Structure, Market Failure and Intervention",Market Structure,1.2.1,Medium,calculation,mcq,"Claremont Clay sells in a perfectly competitive market at EC$40 per unit. Total fixed cost is EC$20. Total variable cost at 3 units is EC$48. Economic profit at 3 units, using profit = total revenue − total cost, is",-EC$20,EC$52,EC$72,EC$100,B,Total revenue is EC$40 × 3 = EC$120. Total cost is EC$20 + EC$48 = EC$68. Economic profit is EC$52. At this output AVC is EC$16 and marginal cost of the unit is EC$18.,1,52,EC$,"Original classroom item aligned to CAPE Economics syllabus CXC A20/U2/26 (effective for examinations from May–June 2027). Not a CXC past-paper or specimen item. Figures, where used, are fictional."
CE-149,1,Microeconomics,2,"Market Structure, Market Failure and Intervention",Market Structure,1.2.1,Medium,calculation,mcq,"Havre Printers has total fixed cost of EC$100. Total variable cost is EC$40 at 1 unit, EC$70 at 2 units, EC$105 at 3 units, EC$148 at 4 units, EC$200 at 5 units. Average fixed cost at 2 units is",EC$85,EC$30,EC$35,EC$50,D,AFC = TFC/Q = 100/2 = 50. Fixed cost does not change with output.,1,50,EC$,"Original classroom item aligned to CAPE Economics syllabus CXC A20/U2/26 (effective for examinations from May–June 2027). Not a CXC past-paper or specimen item. Figures, where used, are fictional."
CE-150,1,Microeconomics,2,"Market Structure, Market Failure and Intervention",Market Structure,1.2.1,Medium,calculation,mcq,"Havre Printers has total fixed cost of EC$100. Total variable cost is EC$40 at 1 unit, EC$70 at 2 units, EC$105 at 3 units, EC$148 at 4 units, EC$200 at 5 units. Average total cost at 4 units is",EC$62,EC$37,EC$25,EC$43,A,ATC = TC/Q = 248/4 = 62.,1,62,EC$,"Original classroom item aligned to CAPE Economics syllabus CXC A20/U2/26 (effective for examinations from May–June 2027). Not a CXC past-paper or specimen item. Figures, where used, are fictional."
CE-151,1,Microeconomics,2,"Market Structure, Market Failure and Intervention",Market Structure,1.2.1,Medium,calculation,mcq,"Havre Printers has total fixed cost of EC$100. Total variable cost is EC$40 at 1 unit, EC$70 at 2 units, EC$105 at 3 units, EC$148 at 4 units, EC$200 at 5 units. Average variable cost at 3 units is",EC$68.33,EC$35,EC$33.33,EC$205,B,AVC = TVC/Q = 105/3 = 35.,1,35,EC$,"Original classroom item aligned to CAPE Economics syllabus CXC A20/U2/26 (effective for examinations from May–June 2027). Not a CXC past-paper or specimen item. Figures, where used, are fictional."
CE-152,1,Microeconomics,2,"Market Structure, Market Failure and Intervention",Market Structure,1.2.1,Medium,calculation,mcq,"Havre Printers has total fixed cost of EC$100. Total variable cost is EC$40 at 1 unit, EC$70 at 2 units, EC$105 at 3 units, EC$148 at 4 units, EC$200 at 5 units. Marginal cost of the 4th unit is",EC$25,EC$62,EC$43,EC$37,C,MC of the 4th unit is TC(4) − TC(3) = 248 − 205 = 43.,1,43,EC$,"Original classroom item aligned to CAPE Economics syllabus CXC A20/U2/26 (effective for examinations from May–June 2027). Not a CXC past-paper or specimen item. Figures, where used, are fictional."
CE-153,1,Microeconomics,2,"Market Structure, Market Failure and Intervention",Market Structure,1.2.1,Medium,calculation,mcq,"Havre Printers has total fixed cost of EC$100. Total variable cost is EC$40 at 1 unit, EC$70 at 2 units, EC$105 at 3 units, EC$148 at 4 units, EC$200 at 5 units. Total cost at 5 units is",EC$300,EC$60,EC$20,EC$40,A,TC = TFC + TVC = 100 + 200 = 300.,1,300,EC$,"Original classroom item aligned to CAPE Economics syllabus CXC A20/U2/26 (effective for examinations from May–June 2027). Not a CXC past-paper or specimen item. Figures, where used, are fictional."
CE-154,1,Microeconomics,2,"Market Structure, Market Failure and Intervention",Market Structure,1.2.1,Easy,calculation,mcq,"Market shares in the airline seats industry in Maren Island, in percent, are 50, 20, 10, 10, 5, 5. The four-firm concentration ratio (the sum of the largest four shares) is",80 percent,50 percent,90 percent,100 percent,C,CR4 adds the four largest percentage shares: 50 + 20 + 10 + 10 = 90.,1,90,percent,"Original classroom item aligned to CAPE Economics syllabus CXC A20/U2/26 (effective for examinations from May–June 2027). Not a CXC past-paper or specimen item. Figures, where used, are fictional."
CE-155,1,Microeconomics,2,"Market Structure, Market Failure and Intervention",Market Structure,1.2.1,Easy,calculation,mcq,"Market shares in the cement industry in St Brice, in percent, are 40, 25, 15, 10, 5, 5. The four-firm concentration ratio (the sum of the largest four shares) is",100 percent,90 percent,40 percent,80 percent,B,CR4 adds the four largest percentage shares: 40 + 25 + 15 + 10 = 90.,1,90,percent,"Original classroom item aligned to CAPE Economics syllabus CXC A20/U2/26 (effective for examinations from May–June 2027). Not a CXC past-paper or specimen item. Figures, where used, are fictional."
CE-156,1,Microeconomics,2,"Market Structure, Market Failure and Intervention",Market Structure,1.2.1,Easy,calculation,mcq,"Market shares in the flour industry in Port Clare, in percent, are 30, 20, 20, 15, 10, 5. The four-firm concentration ratio (the sum of the largest four shares) is",70 percent,30 percent,100 percent,85 percent,D,CR4 adds the four largest percentage shares: 30 + 20 + 20 + 15 = 85.,1,85,percent,"Original classroom item aligned to CAPE Economics syllabus CXC A20/U2/26 (effective for examinations from May–June 2027). Not a CXC past-paper or specimen item. Figures, where used, are fictional."
CE-157,1,Microeconomics,2,"Market Structure, Market Failure and Intervention",Market Structure,1.2.1,Medium,calculation,mcq,"Northbank Nets has total fixed cost of EC$60. Total variable cost is EC$24 at 1 unit, EC$42 at 2 units, EC$72 at 3 units, EC$108 at 4 units, EC$150 at 5 units. Average fixed cost at 2 units is",EC$18,EC$30,EC$21,EC$51,B,AFC = TFC/Q = 60/2 = 30. Fixed cost does not change with output.,1,30,EC$,"Original classroom item aligned to CAPE Economics syllabus CXC A20/U2/26 (effective for examinations from May–June 2027). Not a CXC past-paper or specimen item. Figures, where used, are fictional."
CE-158,1,Microeconomics,2,"Market Structure, Market Failure and Intervention",Market Structure,1.2.1,Medium,calculation,mcq,"Northbank Nets has total fixed cost of EC$60. Total variable cost is EC$24 at 1 unit, EC$42 at 2 units, EC$72 at 3 units, EC$108 at 4 units, EC$150 at 5 units. Average total cost at 4 units is",EC$27,EC$15,EC$42,EC$36,C,ATC = TC/Q = 168/4 = 42.,1,42,EC$,"Original classroom item aligned to CAPE Economics syllabus CXC A20/U2/26 (effective for examinations from May–June 2027). Not a CXC past-paper or specimen item. Figures, where used, are fictional."
CE-159,1,Microeconomics,2,"Market Structure, Market Failure and Intervention",Market Structure,1.2.1,Medium,calculation,mcq,"Northbank Nets has total fixed cost of EC$60. Total variable cost is EC$24 at 1 unit, EC$42 at 2 units, EC$72 at 3 units, EC$108 at 4 units, EC$150 at 5 units. Average variable cost at 3 units is",EC$30,EC$44,EC$20,EC$24,D,AVC = TVC/Q = 72/3 = 24.,1,24,EC$,"Original classroom item aligned to CAPE Economics syllabus CXC A20/U2/26 (effective for examinations from May–June 2027). Not a CXC past-paper or specimen item. Figures, where used, are fictional."
CE-160,1,Microeconomics,2,"Market Structure, Market Failure and Intervention",Market Structure,1.2.1,Medium,calculation,mcq,"Northbank Nets has total fixed cost of EC$60. Total variable cost is EC$24 at 1 unit, EC$42 at 2 units, EC$72 at 3 units, EC$108 at 4 units, EC$150 at 5 units. Marginal cost of the 4th unit is",EC$15,EC$36,EC$27,EC$42,B,MC of the 4th unit is TC(4) − TC(3) = 168 − 132 = 36.,1,36,EC$,"Original classroom item aligned to CAPE Economics syllabus CXC A20/U2/26 (effective for examinations from May–June 2027). Not a CXC past-paper or specimen item. Figures, where used, are fictional."
CE-161,1,Microeconomics,2,"Market Structure, Market Failure and Intervention",Market Structure,1.2.1,Medium,calculation,mcq,"Sable Blocks has total fixed cost of EC$80. Total variable cost is EC$20 at 1 unit, EC$50 at 2 units, EC$84 at 3 units, EC$124 at 4 units, EC$180 at 5 units. Average fixed cost at 2 units is",EC$30,EC$25,EC$40,EC$65,C,AFC = TFC/Q = 80/2 = 40. Fixed cost does not change with output.,1,40,EC$,"Original classroom item aligned to CAPE Economics syllabus CXC A20/U2/26 (effective for examinations from May–June 2027). Not a CXC past-paper or specimen item. Figures, where used, are fictional."
CE-162,1,Microeconomics,2,"Market Structure, Market Failure and Intervention",Market Structure,1.2.1,Medium,calculation,mcq,"Sable Blocks has total fixed cost of EC$80. Total variable cost is EC$20 at 1 unit, EC$50 at 2 units, EC$84 at 3 units, EC$124 at 4 units, EC$180 at 5 units. Average total cost at 4 units is",EC$40,EC$20,EC$31,EC$51,D,ATC = TC/Q = 204/4 = 51.,1,51,EC$,"Original classroom item aligned to CAPE Economics syllabus CXC A20/U2/26 (effective for examinations from May–June 2027). Not a CXC past-paper or specimen item. Figures, where used, are fictional."
CE-163,1,Microeconomics,2,"Market Structure, Market Failure and Intervention",Market Structure,1.2.1,Medium,calculation,mcq,"Sable Blocks has total fixed cost of EC$80. Total variable cost is EC$20 at 1 unit, EC$50 at 2 units, EC$84 at 3 units, EC$124 at 4 units, EC$180 at 5 units. Average variable cost at 3 units is",EC$26.67,EC$28,EC$34,EC$54.67,B,AVC = TVC/Q = 84/3 = 28.,1,28,EC$,"Original classroom item aligned to CAPE Economics syllabus CXC A20/U2/26 (effective for examinations from May–June 2027). Not a CXC past-paper or specimen item. Figures, where used, are fictional."
CE-164,1,Microeconomics,2,"Market Structure, Market Failure and Intervention",Market Structure,1.2.1,Medium,calculation,mcq,"Sable Blocks has total fixed cost of EC$80. Total variable cost is EC$20 at 1 unit, EC$50 at 2 units, EC$84 at 3 units, EC$124 at 4 units, EC$180 at 5 units. Marginal cost of the 4th unit is",EC$40,EC$31,EC$20,EC$51,A,MC of the 4th unit is TC(4) − TC(3) = 204 − 164 = 40.,1,40,EC$,"Original classroom item aligned to CAPE Economics syllabus CXC A20/U2/26 (effective for examinations from May–June 2027). Not a CXC past-paper or specimen item. Figures, where used, are fictional."
CE-165,1,Microeconomics,2,"Market Structure, Market Failure and Intervention",Market Structure,1.2.1,Medium,calculation,mcq,"Sable Blocks has total fixed cost of EC$80. Total variable cost is EC$20 at 1 unit, EC$50 at 2 units, EC$84 at 3 units, EC$124 at 4 units, EC$180 at 5 units. Total cost at 5 units is",EC$260,EC$36,EC$52,EC$16,A,TC = TFC + TVC = 80 + 180 = 260.,1,260,EC$,"Original classroom item aligned to CAPE Economics syllabus CXC A20/U2/26 (effective for examinations from May–June 2027). Not a CXC past-paper or specimen item. Figures, where used, are fictional."
CE-166,1,Microeconomics,2,"Market Structure, Market Failure and Intervention",Market Structure,1.2.1,Medium,calculation,mcq,"Using the same airline seats shares in Maren Island (50, 20, 10, 10, 5, 5 percent), the Herfindahl-Hirschman Index, defined here as the sum of the squared percentage shares, is",90,3150,100,2500,B,"HHI = 2500 + 400 + 100 + 100 + 25 + 25 = 3150. Squaring gives extra weight to larger firms, unlike CR4 which is 90.",1,3150,index points,"Original classroom item aligned to CAPE Economics syllabus CXC A20/U2/26 (effective for examinations from May–June 2027). Not a CXC past-paper or specimen item. Figures, where used, are fictional."
CE-167,1,Microeconomics,2,"Market Structure, Market Failure and Intervention",Market Structure,1.2.1,Medium,calculation,mcq,"Using the same cement shares in St Brice (40, 25, 15, 10, 5, 5 percent), the Herfindahl-Hirschman Index, defined here as the sum of the squared percentage shares, is",90,1600,2600,100,C,"HHI = 1600 + 625 + 225 + 100 + 25 + 25 = 2600. Squaring gives extra weight to larger firms, unlike CR4 which is 90.",1,2600,index points,"Original classroom item aligned to CAPE Economics syllabus CXC A20/U2/26 (effective for examinations from May–June 2027). Not a CXC past-paper or specimen item. Figures, where used, are fictional."
CE-168,1,Microeconomics,2,"Market Structure, Market Failure and Intervention",Market Structure,1.2.1,Medium,calculation,mcq,"Using the same flour shares in Port Clare (30, 20, 20, 15, 10, 5 percent), the Herfindahl-Hirschman Index, defined here as the sum of the squared percentage shares, is",100,900,85,2050,D,"HHI = 900 + 400 + 400 + 225 + 100 + 25 = 2050. Squaring gives extra weight to larger firms, unlike CR4 which is 85.",1,2050,index points,"Original classroom item aligned to CAPE Economics syllabus CXC A20/U2/26 (effective for examinations from May–June 2027). Not a CXC past-paper or specimen item. Figures, where used, are fictional."
CE-169,1,Microeconomics,2,"Market Structure, Market Failure and Intervention",Market Structure,1.2.1,Hard,calculation,mcq,"Verde Juice is a price taker. Market price is EC$20. Marginal cost of successive units is unit 1: EC$10, unit 2: EC$14, unit 3: EC$18, unit 4: EC$22, unit 5: EC$26. Average variable cost at each output is 1 units: EC$10, 2 units: EC$12, 3 units: EC$14, 4 units: EC$16, 5 units: EC$18. The firm produces the largest output at which marginal cost does not exceed price, provided price is greater than average variable cost. It should produce",2 units,3 units,5 units,4 units,B,"Marginal cost stays at or below EC$20 up to 3 units and is higher after that. AVC at 3 units is EC$14, which is below price, so the firm covers variable cost.",1,3,units,"Original classroom item aligned to CAPE Economics syllabus CXC A20/U2/26 (effective for examinations from May–June 2027). Not a CXC past-paper or specimen item. Figures, where used, are fictional."
CE-170,1,Microeconomics,2,"Market Structure, Market Failure and Intervention",Market Structure,1.2.1,Medium,calculation,mcq,"Verde Juice sells in a perfectly competitive market at EC$30 per unit. Total fixed cost is EC$15. Total variable cost at 4 units is EC$48. Economic profit at 4 units, using profit = total revenue − total cost, is",EC$105,-EC$15,EC$72,EC$57,D,Total revenue is EC$30 × 4 = EC$120. Total cost is EC$15 + EC$48 = EC$63. Economic profit is EC$57. At this output AVC is EC$12 and marginal cost of the unit is EC$18.,1,57,EC$,"Original classroom item aligned to CAPE Economics syllabus CXC A20/U2/26 (effective for examinations from May–June 2027). Not a CXC past-paper or specimen item. Figures, where used, are fictional."
CE-171,1,Microeconomics,3,Distribution Theory,"Income Inequality, Poverty and Poverty Alleviation",1.3.3,Medium,knowledge,mcq,A Gini coefficient of 0 means,perfect inequality,that the country has no income,perfect equality of income,that the Lorenz curve cannot be drawn,C,"The Gini coefficient runs from 0, perfect equality, toward 1, or 100 if expressed as a percentage, for perfect inequality. This item does not ask for a calculation.",1,,,"Original classroom item aligned to CAPE Economics syllabus CXC A20/U2/26 (effective for examinations from May–June 2027). Not a CXC past-paper or specimen item. Figures, where used, are fictional."
CE-172,1,Microeconomics,3,Distribution Theory,"Income Inequality, Poverty and Poverty Alleviation",1.3.3,Medium,knowledge,mcq,"A means-tested benefit, compared with a universal benefit of the same total cost,",can concentrate help on low-income households but may discourage extra earnings if the benefit is withdrawn sharply,cannot reduce poverty,is paid to every household regardless of income and therefore always costs less,is the same thing as a regressive tax,A,Means-testing targets the poor. A high withdrawal rate as earnings rise acts like a high marginal tax and can create a poverty trap.,1,,,"Original classroom item aligned to CAPE Economics syllabus CXC A20/U2/26 (effective for examinations from May–June 2027). Not a CXC past-paper or specimen item. Figures, where used, are fictional."
CE-173,1,Microeconomics,3,Distribution Theory,"Income Inequality, Poverty and Poverty Alleviation",1.3.3,Medium,knowledge,mcq,A poverty line is,the diagonal of the Lorenz curve,the income threshold used to decide who is counted as poor,the equilibrium wage,the marginal cost curve,B,People below the line are classified as poor. An absolute line is a fixed real basket. A relative line is often a fraction of median income.,1,,,"Original classroom item aligned to CAPE Economics syllabus CXC A20/U2/26 (effective for examinations from May–June 2027). Not a CXC past-paper or specimen item. Figures, where used, are fictional."
CE-174,1,Microeconomics,3,Distribution Theory,"Income Inequality, Poverty and Poverty Alleviation",1.3.3,Medium,knowledge,mcq,A progressive income tax is one in which,the average rate of tax rises as income rises,the average rate of tax is constant,every household pays the same number of dollars,the average rate of tax falls as income rises,A,Progressive means the average tax rate rises with income. A constant average rate is proportional. A falling average rate is regressive.,1,,,"Original classroom item aligned to CAPE Economics syllabus CXC A20/U2/26 (effective for examinations from May–June 2027). Not a CXC past-paper or specimen item. Figures, where used, are fictional."
CE-175,1,Microeconomics,3,Distribution Theory,"Income Inequality, Poverty and Poverty Alleviation",1.3.3,Easy,knowledge,mcq,Absolute poverty means,the Gini coefficient is zero,a person has less income than the richest household,a person falls below a fixed minimum standard of living,"income is below the national average, even if basic needs are met",C,"Absolute poverty uses a fixed threshold, such as the cost of a basic basket of food, clothing and shelter. It does not depend on how rich other people are.",1,,,"Original classroom item aligned to CAPE Economics syllabus CXC A20/U2/26 (effective for examinations from May–June 2027). Not a CXC past-paper or specimen item. Figures, where used, are fictional."
CE-176,1,Microeconomics,3,Distribution Theory,"Income Inequality, Poverty and Poverty Alleviation",1.3.3,Medium,knowledge,mcq,Inequality of opportunity differs from inequality of outcome because,they are identical by definition,opportunity is measured only by the terms of trade,"opportunity concerns unequal access to education, jobs or assets, while outcome is the resulting income or wealth",outcome ignores income,C,Two societies can have different views about whether a gap in results is acceptable if the starting chances were equal. The syllabus distinction is between the chances people have and the incomes they end up with.,1,,,"Original classroom item aligned to CAPE Economics syllabus CXC A20/U2/26 (effective for examinations from May–June 2027). Not a CXC past-paper or specimen item. Figures, where used, are fictional."
CE-177,1,Microeconomics,3,Distribution Theory,"Income Inequality, Poverty and Poverty Alleviation",1.3.3,Medium,knowledge,mcq,"On a Lorenz curve, greater inequality is shown by",a curve lying on the diagonal,a curve further from the diagonal line of equality,a horizontal demand curve,a higher origin,B,"The diagonal means each share of households receives the same share of income. The further the Lorenz curve bows away, the more unequal the distribution.",1,,,"Original classroom item aligned to CAPE Economics syllabus CXC A20/U2/26 (effective for examinations from May–June 2027). Not a CXC past-paper or specimen item. Figures, where used, are fictional."
CE-178,1,Microeconomics,3,Distribution Theory,"Income Inequality, Poverty and Poverty Alleviation",1.3.3,Easy,knowledge,mcq,Relative poverty means,a person is below a threshold that never refers to other people,national income is falling,the functional share of wages is zero,a person is poor compared with the typical living standard in that society,D,Relative poverty depends on the distribution. A household can meet basic needs and still be relatively poor if its income is far below the median.,1,,,"Original classroom item aligned to CAPE Economics syllabus CXC A20/U2/26 (effective for examinations from May–June 2027). Not a CXC past-paper or specimen item. Figures, where used, are fictional."
CE-179,1,Microeconomics,3,Distribution Theory,"Income Inequality, Poverty and Poverty Alleviation",1.3.3,Easy,knowledge,mcq,The functional distribution of income shows,"how income is shared among wages, rent, interest and profit",the balance of payments,the price elasticity of demand,how income is shared among households,A,Functional distribution classifies income by the factor that earns it. Size distribution classifies it by people or households.,1,,,"Original classroom item aligned to CAPE Economics syllabus CXC A20/U2/26 (effective for examinations from May–June 2027). Not a CXC past-paper or specimen item. Figures, where used, are fictional."
CE-180,1,Microeconomics,3,Distribution Theory,"Income Inequality, Poverty and Poverty Alleviation",1.3.3,Easy,knowledge,mcq,The size distribution of income shows,how income is shared among individuals or households,the marginal product of capital,only the share of profit in national income,export prices relative to import prices,A,"Size distribution answers who receives income, from richest to poorest, rather than which factor earned it.",1,,,"Original classroom item aligned to CAPE Economics syllabus CXC A20/U2/26 (effective for examinations from May–June 2027). Not a CXC past-paper or specimen item. Figures, where used, are fictional."
CE-181,1,Microeconomics,3,Distribution Theory,"Income Inequality, Poverty and Poverty Alleviation",1.3.3,Hard,application,mcq,"A minimum wage can reduce poverty among workers who keep their jobs, but it may not reduce poverty overall if",every worker's marginal product rises by the amount of the wage,the wage is set below equilibrium and does not bind,employment of low-skilled workers falls and some lose all of their wage,the labour market is in equilibrium at a wage above the minimum,C,The workers who remain employed gain. Workers who become unemployed lose wage income. The net effect on poverty is therefore not guaranteed.,1,,,"Original classroom item aligned to CAPE Economics syllabus CXC A20/U2/26 (effective for examinations from May–June 2027). Not a CXC past-paper or specimen item. Figures, where used, are fictional."
CE-182,1,Microeconomics,3,Distribution Theory,"Income Inequality, Poverty and Poverty Alleviation",1.3.3,Medium,application,mcq,"A sales tax of 10 percent on all goods takes a larger share of a low income than of a high income, because the low-income household spends all of its income. The burden of the tax is","a poll tax, which is unrelated to spending",proportional to income,progressive,regressive,D,Even a flat rate on spending can be regressive if poorer households spend a larger fraction of income. The average tax rate then falls as income rises.,1,,,"Original classroom item aligned to CAPE Economics syllabus CXC A20/U2/26 (effective for examinations from May–June 2027). Not a CXC past-paper or specimen item. Figures, where used, are fictional."
CE-183,1,Microeconomics,3,Distribution Theory,"Income Inequality, Poverty and Poverty Alleviation",1.3.3,Medium,application,mcq,Cash transfers to low-income households are intended to,reduce poverty and narrow the size distribution of disposable income,raise the Gini coefficient on purpose,increase absolute poverty,replace the demand for labour,A,Transfers raise the disposable income of people at the bottom. They are a direct tool of poverty alleviation and redistribution.,1,,,"Original classroom item aligned to CAPE Economics syllabus CXC A20/U2/26 (effective for examinations from May–June 2027). Not a CXC past-paper or specimen item. Figures, where used, are fictional."
CE-184,1,Microeconomics,3,Distribution Theory,"Income Inequality, Poverty and Poverty Alleviation",1.3.3,Medium,application,mcq,"Country A has a Gini coefficient of 0.30 and Country B has a Gini coefficient of 0.55. On this measure,",the coefficients cannot be compared,both countries have perfect equality,income is more unequal in B than in A,income is more unequal in A than in B,C,A higher Gini coefficient means a more unequal size distribution. No formula needs to be evaluated to rank the two figures.,1,,,"Original classroom item aligned to CAPE Economics syllabus CXC A20/U2/26 (effective for examinations from May–June 2027). Not a CXC past-paper or specimen item. Figures, where used, are fictional."
CE-185,1,Microeconomics,3,Distribution Theory,"Income Inequality, Poverty and Poverty Alleviation",1.3.3,Medium,application,mcq,Public spending on basic education can reduce long-run inequality by,lowering everyone's marginal product,making labour supply perfectly inelastic,replacing the Lorenz curve with a demand curve,raising the human capital and future earnings of children from poor households,D,"Education is both a merit good and a way of widening access to better-paid work. The effect on inequality is long run, through earning power.",1,,,"Original classroom item aligned to CAPE Economics syllabus CXC A20/U2/26 (effective for examinations from May–June 2027). Not a CXC past-paper or specimen item. Figures, where used, are fictional."
CE-186,1,Microeconomics,3,Distribution Theory,"Income Inequality, Poverty and Poverty Alleviation",1.3.3,Hard,application,mcq,Regional policy that attracts firms to a poor parish is meant to reduce inequality by,lowering the marginal product of every worker,raising labour demand and wages or employment in that parish,replacing absolute poverty with a higher Gini coefficient on purpose,shifting the parish's labour demand to the left,B,"If jobs move to the poor region, local labour demand rises. That can narrow regional income gaps, though it has a cost and may not succeed if firms do not come.",1,,,"Original classroom item aligned to CAPE Economics syllabus CXC A20/U2/26 (effective for examinations from May–June 2027). Not a CXC past-paper or specimen item. Figures, where used, are fictional."
CE-187,1,Microeconomics,3,Distribution Theory,"Income Inequality, Poverty and Poverty Alleviation",1.3.3,Medium,application,mcq,The share of wages in national income rises and the share of profits falls. This is a change in,the monetary base,the price elasticity of demand only,the commodity terms of trade,the functional distribution of income,D,"Functional distribution is the split of income among factors. A move from profit toward wages is a change in that split, even before we know how households are affected.",1,,,"Original classroom item aligned to CAPE Economics syllabus CXC A20/U2/26 (effective for examinations from May–June 2027). Not a CXC past-paper or specimen item. Figures, where used, are fictional."
CE-188,1,Microeconomics,3,Distribution Theory,"Income Inequality, Poverty and Poverty Alleviation",1.3.3,Medium,application,mcq,Which is a recognised cause of poverty in a labour market?,Prolonged unemployment of the household's earners,A wage equal to a high marginal revenue product for every worker,A Gini coefficient of zero,Perfect equality on the Lorenz curve,A,"Households without work, or with only low-paid work, are more likely to fall below a poverty line. Equality would not itself be a cause of poverty.",1,,,"Original classroom item aligned to CAPE Economics syllabus CXC A20/U2/26 (effective for examinations from May–June 2027). Not a CXC past-paper or specimen item. Figures, where used, are fictional."
CE-189,1,Microeconomics,3,Distribution Theory,"Income Inequality, Poverty and Poverty Alleviation",1.3.3,Hard,application,mcq,Which outcome is possible?,A Gini coefficient of 0 means one person has all the income,The Lorenz curve lies on the diagonal when inequality is extreme,Functional distribution and size distribution are the same concept,Absolute poverty falls while relative poverty rises,D,Growth can lift people above a fixed poverty line while the gap between rich and poor widens. Absolute and relative poverty therefore need not move together.,1,,,"Original classroom item aligned to CAPE Economics syllabus CXC A20/U2/26 (effective for examinations from May–June 2027). Not a CXC past-paper or specimen item. Figures, where used, are fictional."
CE-190,1,Microeconomics,3,Distribution Theory,"Income Inequality, Poverty and Poverty Alleviation",1.3.3,Easy,application,mcq,Which policy is aimed directly at the size distribution of income?,Open-market sale of securities,A devaluation intended only to switch expenditure,A more progressive income tax combined with transfers,A higher required reserve ratio,C,Tax-and-transfer policy changes disposable incomes across households. The other policies are macroeconomic instruments with different primary targets.,1,,,"Original classroom item aligned to CAPE Economics syllabus CXC A20/U2/26 (effective for examinations from May–June 2027). Not a CXC past-paper or specimen item. Figures, where used, are fictional."
CE-191,1,Microeconomics,3,Distribution Theory,The Demand for and Supply of Factors,1.3.1,Medium,knowledge,mcq,A firm hiring labour in a perfectly competitive labour market should hire extra workers while,the wage is above marginal revenue product,"marginal revenue product is above the wage, and stop when they are equal",marginal product is negative,average revenue is zero,B,The wage is the marginal cost of labour to a competitive employer. Profit rises by hiring while MRP exceeds that cost.,1,,,"Original classroom item aligned to CAPE Economics syllabus CXC A20/U2/26 (effective for examinations from May–June 2027). Not a CXC past-paper or specimen item. Figures, where used, are fictional."
CE-192,1,Microeconomics,3,Distribution Theory,The Demand for and Supply of Factors,1.3.1,Medium,knowledge,mcq,A monopsony in a labour market is,many buyers of labour,a single buyer of labour,a single seller of the product,perfect competition in hiring,B,Monopsony power is on the buying side. Monopoly power is on the selling side. A firm can have one without the other.,1,,,"Original classroom item aligned to CAPE Economics syllabus CXC A20/U2/26 (effective for examinations from May–June 2027). Not a CXC past-paper or specimen item. Figures, where used, are fictional."
CE-193,1,Microeconomics,3,Distribution Theory,The Demand for and Supply of Factors,1.3.1,Hard,knowledge,mcq,A profit-maximising monopsonist hires labour where,"marginal cost of labour equals marginal revenue product, and pays the lower wage read from the supply curve","the wage equals marginal revenue product, as in perfect competition",marginal cost of labour is below the wage,employment is higher than under perfect competition,A,"Because the supply of labour slopes upward, hiring one more worker raises the wage paid to all, so the marginal cost of labour is above the wage. The monopsonist equates that marginal cost with MRP and pays only the supply-curve wage, which is below MRP.",1,,,"Original classroom item aligned to CAPE Economics syllabus CXC A20/U2/26 (effective for examinations from May–June 2027). Not a CXC past-paper or specimen item. Figures, where used, are fictional."
CE-194,1,Microeconomics,3,Distribution Theory,The Demand for and Supply of Factors,1.3.1,Easy,knowledge,mcq,Economic rent is,a tax on land only,the same as normal profit by definition in every market,payment that is only just enough to keep the factor in its current use,payment to a factor above its transfer earnings,D,"Economic rent is a surplus. It can be earned by any factor whose supply is less than perfectly elastic, not only by land.",1,,,"Original classroom item aligned to CAPE Economics syllabus CXC A20/U2/26 (effective for examinations from May–June 2027). Not a CXC past-paper or specimen item. Figures, where used, are fictional."
CE-195,1,Microeconomics,3,Distribution Theory,The Demand for and Supply of Factors,1.3.1,Medium,knowledge,mcq,Marginal revenue product of labour is,marginal physical product multiplied by marginal revenue,average product divided by price,marginal physical product multiplied by the wage,the wage multiplied by employment,A,MRP is the extra revenue from hiring one more worker. It equals MPP times MR. Only in perfect product-market competition does MR equal price.,1,,,"Original classroom item aligned to CAPE Economics syllabus CXC A20/U2/26 (effective for examinations from May–June 2027). Not a CXC past-paper or specimen item. Figures, where used, are fictional."
CE-196,1,Microeconomics,3,Distribution Theory,The Demand for and Supply of Factors,1.3.1,Hard,knowledge,mcq,Quasi-rent is,a subsidy,the wage in a perfectly elastic labour market,economic rent that lasts forever on a factor in permanently fixed supply,a surplus earned in the short run by a factor whose supply is temporarily fixed,D,"In the short run some factors cannot leave, so their earnings contain a temporary surplus. In the long run that surplus can be competed away. Permanent rent applies when supply stays fixed.",1,,,"Original classroom item aligned to CAPE Economics syllabus CXC A20/U2/26 (effective for examinations from May–June 2027). Not a CXC past-paper or specimen item. Figures, where used, are fictional."
CE-197,1,Microeconomics,3,Distribution Theory,The Demand for and Supply of Factors,1.3.1,Medium,knowledge,mcq,"The demand curve for labour slopes downward, other things equal, because",the supply of labour is fixed,wages are a stock,diminishing returns reduce marginal physical product as more workers are hired,transfer earnings rise with the wage automatically,C,"With other factors fixed, extra workers add less output. MRP therefore falls, and the firm hires more workers only at a lower wage.",1,,,"Original classroom item aligned to CAPE Economics syllabus CXC A20/U2/26 (effective for examinations from May–June 2027). Not a CXC past-paper or specimen item. Figures, where used, are fictional."
CE-198,1,Microeconomics,3,Distribution Theory,The Demand for and Supply of Factors,1.3.1,Easy,knowledge,mcq,The demand for labour is a derived demand because,"labour is demanded for the output it helps to produce, not for its own sake",the supply of labour slopes upwards,wages are set by law,workers demand goods,A,"Firms hire labour only because consumers demand the product. If product demand rises, the demand for the labour that makes it rises.",1,,,"Original classroom item aligned to CAPE Economics syllabus CXC A20/U2/26 (effective for examinations from May–June 2027). Not a CXC past-paper or specimen item. Figures, where used, are fictional."
CE-199,1,Microeconomics,3,Distribution Theory,The Demand for and Supply of Factors,1.3.1,Easy,knowledge,mcq,The reward to enterprise is,profit,rent,interest only,wages,A,"Land receives rent, labour wages, capital interest, and enterprise profit.",1,,,"Original classroom item aligned to CAPE Economics syllabus CXC A20/U2/26 (effective for examinations from May–June 2027). Not a CXC past-paper or specimen item. Figures, where used, are fictional."
CE-200,1,Microeconomics,3,Distribution Theory,The Demand for and Supply of Factors,1.3.1,Medium,knowledge,mcq,The supply of labour to an occupation slopes upward when,a higher wage always reduces hours because leisure is the only good,workers ignore wages,the marginal revenue product is falling,a higher wage attracts more workers into that occupation,D,"The substitution toward work, and entry from other occupations, typically make the supply curve of an occupation slope upward. A backward-bending supply of hours for one person is a separate possibility and is not the usual market supply curve.",1,,,"Original classroom item aligned to CAPE Economics syllabus CXC A20/U2/26 (effective for examinations from May–June 2027). Not a CXC past-paper or specimen item. Figures, where used, are fictional."
CE-201,1,Microeconomics,3,Distribution Theory,The Demand for and Supply of Factors,1.3.1,Easy,knowledge,mcq,Transfer earnings of a factor are,any payment above the minimum needed to keep it in its current use,a government transfer payment to households,the minimum payment needed to keep that factor in its current use,the total wage bill of the industry,C,Transfer earnings compensate the factor for not moving to its next best use. Payment above that is economic rent.,1,,,"Original classroom item aligned to CAPE Economics syllabus CXC A20/U2/26 (effective for examinations from May–June 2027). Not a CXC past-paper or specimen item. Figures, where used, are fictional."
CE-202,1,Microeconomics,3,Distribution Theory,The Demand for and Supply of Factors,1.3.1,Hard,knowledge,mcq,Value of the marginal product differs from marginal revenue product when,marginal product is zero,"the firm sells in perfect competition, so price equals marginal revenue","the firm sells in an imperfect product market, so marginal revenue is below price",the wage is equal to MRP,C,VMP multiplies marginal product by price. MRP multiplies it by marginal revenue. They coincide only when the product market is perfectly competitive.,1,,,"Original classroom item aligned to CAPE Economics syllabus CXC A20/U2/26 (effective for examinations from May–June 2027). Not a CXC past-paper or specimen item. Figures, where used, are fictional."
CE-203,1,Microeconomics,3,Distribution Theory,The Demand for and Supply of Factors,1.3.1,Hard,application,mcq,A tax that takes part of the economic rent of a factor in perfectly inelastic supply,reduces quantity supplied to zero,does not reduce the quantity supplied of that factor,shifts a perfectly inelastic supply curve to the left,is a tax on transfer earnings only,B,"If the factor is supplied whatever the payment, taxing the surplus does not change the quantity offered. The same tax on transfer earnings could drive the factor away.",1,,,"Original classroom item aligned to CAPE Economics syllabus CXC A20/U2/26 (effective for examinations from May–June 2027). Not a CXC past-paper or specimen item. Figures, where used, are fictional."
CE-204,1,Microeconomics,3,Distribution Theory,The Demand for and Supply of Factors,1.3.1,Medium,application,mcq,"An increase in immigration that raises the supply of labour, with demand unchanged, will in a competitive market",raise the wage and lower employment,shift labour demand left,leave both wage and employment unchanged,lower the equilibrium wage and raise employment,D,A rightward shift of labour supply moves the market down the demand curve: a lower wage and higher employment.,1,,,"Original classroom item aligned to CAPE Economics syllabus CXC A20/U2/26 (effective for examinations from May–June 2027). Not a CXC past-paper or specimen item. Figures, where used, are fictional."
CE-205,1,Microeconomics,3,Distribution Theory,The Demand for and Supply of Factors,1.3.1,Hard,application,mcq,"Compared with a competitive labour market, a monopsonist tends to",face a horizontal labour-supply curve,employ more workers and pay a higher wage,pay a wage above MRP,employ fewer workers and pay a lower wage,D,"The monopsony outcome is inside the competitive employment level, and the wage is read from supply, below the competitive wage.",1,,,"Original classroom item aligned to CAPE Economics syllabus CXC A20/U2/26 (effective for examinations from May–June 2027). Not a CXC past-paper or specimen item. Figures, where used, are fictional."
CE-206,1,Microeconomics,3,Distribution Theory,The Demand for and Supply of Factors,1.3.1,Medium,application,mcq,Demand for the product made by workers in Golden Vale falls. The demand curve for their labour,shifts left because marginal revenue product is lower,shifts right,"is unchanged, because product demand does not affect derived demand",becomes the supply curve of labour,A,"Labour demand is derived from product demand. Lower product price or lower sales reduce MRP, so firms hire fewer workers at each wage.",1,,,"Original classroom item aligned to CAPE Economics syllabus CXC A20/U2/26 (effective for examinations from May–June 2027). Not a CXC past-paper or specimen item. Figures, where used, are fictional."
CE-207,1,Microeconomics,3,Distribution Theory,The Demand for and Supply of Factors,1.3.1,Medium,application,mcq,"The price of breadfruit rises and workers' physical productivity is unchanged. For a competitive breadfruit farm, the demand for labour",is unchanged because wages fix MRP,shifts left,becomes perfectly inelastic at zero employment,shifts right because marginal revenue product is higher,D,"MRP = MPP × price in this product market. A higher product price raises MRP at each employment level, which is a higher demand for labour.",1,,,"Original classroom item aligned to CAPE Economics syllabus CXC A20/U2/26 (effective for examinations from May–June 2027). Not a CXC past-paper or specimen item. Figures, where used, are fictional."
CE-208,1,Microeconomics,3,Distribution Theory,The Demand for and Supply of Factors,1.3.1,Medium,application,mcq,The supply of a unique harbour site is perfectly inelastic. The whole of the payment to the owner is,economic rent,a wage,normal profit of a competitive firm,transfer earnings,A,"If the factor would be supplied even at a zero price, transfer earnings are zero and every dollar received is economic rent.",1,,,"Original classroom item aligned to CAPE Economics syllabus CXC A20/U2/26 (effective for examinations from May–June 2027). Not a CXC past-paper or specimen item. Figures, where used, are fictional."
CE-209,1,Microeconomics,3,Distribution Theory,The Demand for and Supply of Factors,1.3.1,Medium,application,mcq,The supply of casual labour to a particular job is perfectly elastic at EC$40 a day. A worker paid EC$40 a day receives,no income,economic rent of EC$40,only transfer earnings,only economic rent,C,"Perfectly elastic supply means the factor is available at that payment and would leave if paid less. There is no surplus, so the payment is all transfer earnings.",1,,,"Original classroom item aligned to CAPE Economics syllabus CXC A20/U2/26 (effective for examinations from May–June 2027). Not a CXC past-paper or specimen item. Figures, where used, are fictional."
CE-210,1,Microeconomics,3,Distribution Theory,The Demand for and Supply of Factors,1.3.1,Medium,calculation,mcq,"A bakery in Golden Vale sells output in a perfectly competitive product market at EC$5 per unit. The marginal physical product of the 8th worker is 7 units. Marginal revenue product, MPP × price, of that worker is",EC$30,EC$7,EC$35,EC$12,C,"Under perfect competition in the product market, MRP = MPP × price = 7 × 5 = EC$35.",1,35,EC$,"Original classroom item aligned to CAPE Economics syllabus CXC A20/U2/26 (effective for examinations from May–June 2027). Not a CXC past-paper or specimen item. Figures, where used, are fictional."
CE-211,1,Microeconomics,3,Distribution Theory,The Demand for and Supply of Factors,1.3.1,Medium,calculation,mcq,"A boat yard in Port Clare sells output in a perfectly competitive product market at EC$12 per unit. The marginal physical product of the 5th worker is 4 units. Marginal revenue product, MPP × price, of that worker is",EC$40,EC$16,EC$4,EC$48,D,"Under perfect competition in the product market, MRP = MPP × price = 4 × 12 = EC$48.",1,48,EC$,"Original classroom item aligned to CAPE Economics syllabus CXC A20/U2/26 (effective for examinations from May–June 2027). Not a CXC past-paper or specimen item. Figures, where used, are fictional."
CE-212,1,Microeconomics,3,Distribution Theory,The Demand for and Supply of Factors,1.3.1,Medium,calculation,mcq,"A breadfruit farm in St Brice sells output in a perfectly competitive product market at EC$8 per unit. The marginal physical product of the 6th worker is 5 units. Marginal revenue product, MPP × price, of that worker is",EC$13,EC$5,EC$50,EC$40,D,"Under perfect competition in the product market, MRP = MPP × price = 5 × 8 = EC$40.",1,40,EC$,"Original classroom item aligned to CAPE Economics syllabus CXC A20/U2/26 (effective for examinations from May–June 2027). Not a CXC past-paper or specimen item. Figures, where used, are fictional."
CE-213,1,Microeconomics,3,Distribution Theory,The Demand for and Supply of Factors,1.3.1,Medium,calculation,mcq,"A cocoa estate in Maren Island sells output in a perfectly competitive product market at EC$10 per unit. The marginal physical product of the 7th worker is 6 units. Marginal revenue product, MPP × price, of that worker is",EC$60,EC$70,EC$6,EC$16,A,"Under perfect competition in the product market, MRP = MPP × price = 6 × 10 = EC$60.",1,60,EC$,"Original classroom item aligned to CAPE Economics syllabus CXC A20/U2/26 (effective for examinations from May–June 2027). Not a CXC past-paper or specimen item. Figures, where used, are fictional."
CE-214,1,Microeconomics,3,Distribution Theory,The Demand for and Supply of Factors,1.3.1,Medium,calculation,mcq,"A guest house in Harbour Cay sells output in a perfectly competitive product market at EC$20 per unit. The marginal physical product of the 4th worker is 3 units. Marginal revenue product, MPP × price, of that worker is",EC$3,EC$60,EC$50,EC$23,B,"Under perfect competition in the product market, MRP = MPP × price = 3 × 20 = EC$60.",1,60,EC$,"Original classroom item aligned to CAPE Economics syllabus CXC A20/U2/26 (effective for examinations from May–June 2027). Not a CXC past-paper or specimen item. Figures, where used, are fictional."
CE-215,1,Microeconomics,3,Distribution Theory,The Demand for and Supply of Factors,1.3.1,Medium,calculation,mcq,"A net maker in Westford sells output in a perfectly competitive product market at EC$6 per unit. The marginal physical product of the 9th worker is 8 units. Marginal revenue product, MPP × price, of that worker is",EC$48,EC$14,EC$8,EC$40,A,"Under perfect competition in the product market, MRP = MPP × price = 8 × 6 = EC$48.",1,48,EC$,"Original classroom item aligned to CAPE Economics syllabus CXC A20/U2/26 (effective for examinations from May–June 2027). Not a CXC past-paper or specimen item. Figures, where used, are fictional."
CE-216,1,Microeconomics,3,Distribution Theory,The Demand for and Supply of Factors,1.3.1,Medium,calculation,mcq,"A print shop in Northbank sells output in a perfectly competitive product market at EC$9 per unit. The marginal physical product of the 5th worker is 4 units. Marginal revenue product, MPP × price, of that worker is",EC$4,EC$13,EC$36,EC$30,C,"Under perfect competition in the product market, MRP = MPP × price = 4 × 9 = EC$36.",1,36,EC$,"Original classroom item aligned to CAPE Economics syllabus CXC A20/U2/26 (effective for examinations from May–June 2027). Not a CXC past-paper or specimen item. Figures, where used, are fictional."
CE-217,1,Microeconomics,3,Distribution Theory,The Demand for and Supply of Factors,1.3.1,Medium,calculation,mcq,"A quarry in Petit Havre sells output in a perfectly competitive product market at EC$15 per unit. The marginal physical product of the 3rd worker is 2 units. Marginal revenue product, MPP × price, of that worker is",EC$30,EC$17,EC$2,EC$40,A,"Under perfect competition in the product market, MRP = MPP × price = 2 × 15 = EC$30.",1,30,EC$,"Original classroom item aligned to CAPE Economics syllabus CXC A20/U2/26 (effective for examinations from May–June 2027). Not a CXC past-paper or specimen item. Figures, where used, are fictional."
CE-218,1,Microeconomics,3,Distribution Theory,The Demand for and Supply of Factors,1.3.1,Easy,calculation,mcq,The owner of a crane in St Brice receives EC$900 a week. The minimum weekly payment that would keep the crane in its current use (transfer earnings) is EC$600. Economic rent is,EC$600,EC$1500,EC$900,EC$300,D,Economic rent = actual earnings − transfer earnings = EC$900 − EC$600 = EC$300. The surplus over the minimum required payment is economic rent.,1,300,EC$ per week,"Original classroom item aligned to CAPE Economics syllabus CXC A20/U2/26 (effective for examinations from May–June 2027). Not a CXC past-paper or specimen item. Figures, where used, are fictional."
CE-219,1,Microeconomics,3,Distribution Theory,The Demand for and Supply of Factors,1.3.1,Easy,calculation,mcq,The owner of a jetty in Harbour Cay receives EC$1200 a week. The minimum weekly payment that would keep the jetty in its current use (transfer earnings) is EC$400. Economic rent is,EC$1600,EC$400,EC$1200,EC$800,D,Economic rent = actual earnings − transfer earnings = EC$1200 − EC$400 = EC$800. The surplus over the minimum required payment is economic rent.,1,800,EC$ per week,"Original classroom item aligned to CAPE Economics syllabus CXC A20/U2/26 (effective for examinations from May–June 2027). Not a CXC past-paper or specimen item. Figures, where used, are fictional."
CE-220,1,Microeconomics,3,Distribution Theory,The Demand for and Supply of Factors,1.3.1,Easy,calculation,mcq,The owner of a shop unit in Port Clare receives EC$2500 a week. The minimum weekly payment that would keep the shop unit in its current use (transfer earnings) is EC$1800. Economic rent is,EC$1800,EC$4300,EC$700,EC$2500,C,Economic rent = actual earnings − transfer earnings = EC$2500 − EC$1800 = EC$700. The surplus over the minimum required payment is economic rent.,1,700,EC$ per week,"Original classroom item aligned to CAPE Economics syllabus CXC A20/U2/26 (effective for examinations from May–June 2027). Not a CXC past-paper or specimen item. Figures, where used, are fictional."
CE-221,1,Microeconomics,3,Distribution Theory,The Demand for and Supply of Factors,1.3.1,Easy,calculation,mcq,The owner of a stall in Golden Vale receives EC$300 a week. The minimum weekly payment that would keep the stall in its current use (transfer earnings) is EC$200. Economic rent is,EC$200,EC$300,EC$100,EC$500,C,Economic rent = actual earnings − transfer earnings = EC$300 − EC$200 = EC$100. The surplus over the minimum required payment is economic rent.,1,100,EC$ per week,"Original classroom item aligned to CAPE Economics syllabus CXC A20/U2/26 (effective for examinations from May–June 2027). Not a CXC past-paper or specimen item. Figures, where used, are fictional."
CE-222,1,Microeconomics,3,Distribution Theory,The Demand for and Supply of Factors,1.3.1,Easy,calculation,mcq,The owner of a tractor in Westford receives EC$1500 a week. The minimum weekly payment that would keep the tractor in its current use (transfer earnings) is EC$1100. Economic rent is,EC$1500,EC$1100,EC$400,EC$2600,C,Economic rent = actual earnings − transfer earnings = EC$1500 − EC$1100 = EC$400. The surplus over the minimum required payment is economic rent.,1,400,EC$ per week,"Original classroom item aligned to CAPE Economics syllabus CXC A20/U2/26 (effective for examinations from May–June 2027). Not a CXC past-paper or specimen item. Figures, where used, are fictional."
CE-223,1,Microeconomics,3,Distribution Theory,The Demand for and Supply of Factors,1.3.1,Easy,calculation,mcq,The owner of a van in Maren Island receives EC$700 a week. The minimum weekly payment that would keep the van in its current use (transfer earnings) is EC$700. Economic rent is,EC$0,EC$800,EC$700,EC$1400,A,"Economic rent = actual earnings − transfer earnings = EC$700 − EC$700 = EC$0. All of the payment is transfer earnings, so economic rent is zero.",1,0,EC$ per week,"Original classroom item aligned to CAPE Economics syllabus CXC A20/U2/26 (effective for examinations from May–June 2027). Not a CXC past-paper or specimen item. Figures, where used, are fictional."
CE-224,1,Microeconomics,3,Distribution Theory,The Demand for and Supply of Factors,1.3.1,Medium,calculation,mcq,The same bakery in Golden Vale hires labour in a perfectly competitive labour market at a wage of EC$30. MRP of the 8th worker is EC$35. The firm should,"hire the worker, because MRP is above the wage","not hire the worker, because MRP is below the wage","hire the worker, because the wage equals the product price",hire the worker only if MRP equals the product price,A,A competitive employer hires an extra worker when MRP exceeds the wage. Here MRP is EC$35 and the wage is EC$30.,1,5,EC$ (MRP minus wage),"Original classroom item aligned to CAPE Economics syllabus CXC A20/U2/26 (effective for examinations from May–June 2027). Not a CXC past-paper or specimen item. Figures, where used, are fictional."
CE-225,1,Microeconomics,3,Distribution Theory,The Demand for and Supply of Factors,1.3.1,Medium,calculation,mcq,The same boat yard in Port Clare hires labour in a perfectly competitive labour market at a wage of EC$40. MRP of the 5th worker is EC$48. The firm should,"hire the worker, because MRP is above the wage",hire the worker only if MRP equals the product price,"not hire the worker, because MRP is below the wage","hire the worker, because the wage equals the product price",A,A competitive employer hires an extra worker when MRP exceeds the wage. Here MRP is EC$48 and the wage is EC$40.,1,8,EC$ (MRP minus wage),"Original classroom item aligned to CAPE Economics syllabus CXC A20/U2/26 (effective for examinations from May–June 2027). Not a CXC past-paper or specimen item. Figures, where used, are fictional."
CE-226,1,Microeconomics,3,Distribution Theory,The Demand for and Supply of Factors,1.3.1,Medium,calculation,mcq,The same breadfruit farm in St Brice hires labour in a perfectly competitive labour market at a wage of EC$50. MRP of the 6th worker is EC$40. The firm should,hire the worker only if MRP equals the product price,"not hire the worker, because the wage equals the product price","hire the worker, because MRP is above the wage","not hire the worker, because MRP is below the wage",D,A competitive employer hires an extra worker when MRP exceeds the wage. Here MRP is EC$40 and the wage is EC$50.,1,-10,EC$ (MRP minus wage),"Original classroom item aligned to CAPE Economics syllabus CXC A20/U2/26 (effective for examinations from May–June 2027). Not a CXC past-paper or specimen item. Figures, where used, are fictional."
CE-227,1,Microeconomics,3,Distribution Theory,The Demand for and Supply of Factors,1.3.1,Medium,calculation,mcq,The same cocoa estate in Maren Island hires labour in a perfectly competitive labour market at a wage of EC$70. MRP of the 7th worker is EC$60. The firm should,"not hire the worker, because the wage equals the product price",hire the worker only if MRP equals the product price,"hire the worker, because MRP is above the wage","not hire the worker, because MRP is below the wage",D,A competitive employer hires an extra worker when MRP exceeds the wage. Here MRP is EC$60 and the wage is EC$70.,1,-10,EC$ (MRP minus wage),"Original classroom item aligned to CAPE Economics syllabus CXC A20/U2/26 (effective for examinations from May–June 2027). Not a CXC past-paper or specimen item. Figures, where used, are fictional."
CE-228,1,Microeconomics,3,Distribution Theory,The Demand for and Supply of Factors,1.3.1,Medium,calculation,mcq,The same guest house in Harbour Cay hires labour in a perfectly competitive labour market at a wage of EC$50. MRP of the 4th worker is EC$60. The firm should,"hire the worker, because MRP is above the wage","not hire the worker, because MRP is below the wage","hire the worker, because the wage equals the product price",hire the worker only if MRP equals the product price,A,A competitive employer hires an extra worker when MRP exceeds the wage. Here MRP is EC$60 and the wage is EC$50.,1,10,EC$ (MRP minus wage),"Original classroom item aligned to CAPE Economics syllabus CXC A20/U2/26 (effective for examinations from May–June 2027). Not a CXC past-paper or specimen item. Figures, where used, are fictional."
CE-229,1,Microeconomics,3,Distribution Theory,The Demand for and Supply of Factors,1.3.1,Medium,calculation,mcq,The same net maker in Westford hires labour in a perfectly competitive labour market at a wage of EC$40. MRP of the 9th worker is EC$48. The firm should,"not hire the worker, because MRP is below the wage",hire the worker only if MRP equals the product price,"hire the worker, because MRP is above the wage","hire the worker, because the wage equals the product price",C,A competitive employer hires an extra worker when MRP exceeds the wage. Here MRP is EC$48 and the wage is EC$40.,1,8,EC$ (MRP minus wage),"Original classroom item aligned to CAPE Economics syllabus CXC A20/U2/26 (effective for examinations from May–June 2027). Not a CXC past-paper or specimen item. Figures, where used, are fictional."
CE-230,1,Microeconomics,3,Distribution Theory,The Demand for and Supply of Factors,1.3.1,Medium,calculation,mcq,The same print shop in Northbank hires labour in a perfectly competitive labour market at a wage of EC$30. MRP of the 5th worker is EC$36. The firm should,"hire the worker, because MRP is above the wage","not hire the worker, because MRP is below the wage",hire the worker only if MRP equals the product price,"hire the worker, because the wage equals the product price",A,A competitive employer hires an extra worker when MRP exceeds the wage. Here MRP is EC$36 and the wage is EC$30.,1,6,EC$ (MRP minus wage),"Original classroom item aligned to CAPE Economics syllabus CXC A20/U2/26 (effective for examinations from May–June 2027). Not a CXC past-paper or specimen item. Figures, where used, are fictional."
CE-231,1,Microeconomics,3,Distribution Theory,The Demand for and Supply of Factors,1.3.1,Medium,calculation,mcq,The same quarry in Petit Havre hires labour in a perfectly competitive labour market at a wage of EC$40. MRP of the 3rd worker is EC$30. The firm should,"not hire the worker, because the wage equals the product price","not hire the worker, because MRP is below the wage","hire the worker, because MRP is above the wage",hire the worker only if MRP equals the product price,B,A competitive employer hires an extra worker when MRP exceeds the wage. Here MRP is EC$30 and the wage is EC$40.,1,-10,EC$ (MRP minus wage),"Original classroom item aligned to CAPE Economics syllabus CXC A20/U2/26 (effective for examinations from May–June 2027). Not a CXC past-paper or specimen item. Figures, where used, are fictional."
CE-232,1,Microeconomics,3,Distribution Theory,Wage Differentials,1.3.2,Medium,knowledge,mcq,"Employers' associations, in wage bargaining, typically aim to",maximise union membership,set the price of the product equal to marginal cost by law,act as a single seller of labour,resist wage increases that they believe will raise costs,D,An employers' association is the employers' side of collective bargaining. A union is the workers' side and seeks higher wages or better conditions.,1,,,"Original classroom item aligned to CAPE Economics syllabus CXC A20/U2/26 (effective for examinations from May–June 2027). Not a CXC past-paper or specimen item. Figures, where used, are fictional."
CE-233,1,Microeconomics,3,Distribution Theory,Wage Differentials,1.3.2,Medium,knowledge,mcq,Human capital explains higher wages when,training and education raise a worker's marginal product,education has no effect on productivity,firms ignore productivity,all jobs require the same skill,A,"Schooling and training are investments in human capital. They raise MPP and therefore MRP, which raises the wage firms are willing to pay.",1,,,"Original classroom item aligned to CAPE Economics syllabus CXC A20/U2/26 (effective for examinations from May–June 2027). Not a CXC past-paper or specimen item. Figures, where used, are fictional."
CE-234,1,Microeconomics,3,Distribution Theory,Wage Differentials,1.3.2,Medium,knowledge,mcq,Non-competing groups in the labour market are,buyers in a product market,groups of workers who cannot easily move into each other's occupations because skills or qualifications differ,firms in perfect competition,workers who all do the same job,B,"If nurses cannot become engineers overnight, their labour markets are separated and wages can differ for long periods.",1,,,"Original classroom item aligned to CAPE Economics syllabus CXC A20/U2/26 (effective for examinations from May–June 2027). Not a CXC past-paper or specimen item. Figures, where used, are fictional."
CE-235,1,Microeconomics,3,Distribution Theory,Wage Differentials,1.3.2,Easy,knowledge,mcq,Occupational mobility of labour means,the ease of moving house between parishes only,a change in the product price,the ease with which workers can move from one occupation to another,perfect competition in the product market,C,"Occupational mobility depends on skills, qualifications and training time. Geographical mobility is the ability to move between places.",1,,,"Original classroom item aligned to CAPE Economics syllabus CXC A20/U2/26 (effective for examinations from May–June 2027). Not a CXC past-paper or specimen item. Figures, where used, are fictional."
CE-236,1,Microeconomics,3,Distribution Theory,Wage Differentials,1.3.2,Easy,knowledge,mcq,The real wage is,the Gini coefficient,nominal GDP,"the money wage before any prices are considered, and nothing else",the money wage adjusted for the price level,D,"Workers care about what the wage buys. The real wage is the money wage divided by a price index, or otherwise adjusted for inflation.",1,,,"Original classroom item aligned to CAPE Economics syllabus CXC A20/U2/26 (effective for examinations from May–June 2027). Not a CXC past-paper or specimen item. Figures, where used, are fictional."
CE-237,1,Microeconomics,3,Distribution Theory,Wage Differentials,1.3.2,Easy,knowledge,mcq,Wage differentials means,the fact that every worker is paid the same wage,the difference between exports and imports,"differences in wages between workers, occupations or regions",the gap between price and marginal cost,C,"The topic is why wages are not equal: different jobs, skills, regions and market structures pay different rates.",1,,,"Original classroom item aligned to CAPE Economics syllabus CXC A20/U2/26 (effective for examinations from May–June 2027). Not a CXC past-paper or specimen item. Figures, where used, are fictional."
CE-238,1,Microeconomics,3,Distribution Theory,Wage Differentials,1.3.2,Easy,knowledge,mcq,Which pair is a labour-market institution that can affect wages?,A production possibility frontier and a free good,The terms of trade and the current account,A trade union and a minimum-wage law,Velocity of money and the deflator,C,"Unions, minimum wages, employers' associations and government employment rules are labour-market institutions. The other pairs belong to other parts of the syllabus.",1,,,"Original classroom item aligned to CAPE Economics syllabus CXC A20/U2/26 (effective for examinations from May–June 2027). Not a CXC past-paper or specimen item. Figures, where used, are fictional."
CE-239,1,Microeconomics,3,Distribution Theory,Wage Differentials,1.3.2,Medium,application,mcq,A trade union that raises wages above the competitive equilibrium in an otherwise competitive labour market will,shift labour demand to the right by the amount of the wage rise,make the supply of labour perfectly inelastic,reduce employment in that market if the employer still hires along the demand curve,always increase employment,C,"A higher wage on a downward-sloping demand curve reduces the quantity of labour demanded, unless the union also raises productivity or the employer is a monopsonist.",1,,,"Original classroom item aligned to CAPE Economics syllabus CXC A20/U2/26 (effective for examinations from May–June 2027). Not a CXC past-paper or specimen item. Figures, where used, are fictional."
CE-240,1,Microeconomics,3,Distribution Theory,Wage Differentials,1.3.2,Hard,application,mcq,A union and a monopsony employer bargain together. This situation is called,perfect competition,bilateral monopoly,a price-taking labour market on both sides,monopolistic competition in the product market,B,"Bilateral monopoly means one seller of labour, the union, faces one buyer, the monopsony. The wage is indeterminate between limits and depends on bargaining.",1,,,"Original classroom item aligned to CAPE Economics syllabus CXC A20/U2/26 (effective for examinations from May–June 2027). Not a CXC past-paper or specimen item. Figures, where used, are fictional."
CE-241,1,Microeconomics,3,Distribution Theory,Wage Differentials,1.3.2,Medium,application,mcq,Deep-sea fishing in Fortuna Bay pays more than equally skilled shop work because the job is dangerous. This is mainly,a monopsony discount,a compensating differential,an economic rent created by a perfectly elastic supply,discrimination that lowers the fishing wage,B,"Compensating differentials pay workers extra to accept unpleasant, risky or inconvenient conditions.",1,,,"Original classroom item aligned to CAPE Economics syllabus CXC A20/U2/26 (effective for examinations from May–June 2027). Not a CXC past-paper or specimen item. Figures, where used, are fictional."
CE-242,1,Microeconomics,3,Distribution Theory,Wage Differentials,1.3.2,Medium,application,mcq,In a competitive labour market a minimum wage set above equilibrium causes,a shortage of labour,"a surplus of labour, meaning some workers who want jobs at that wage do not get them","no change, because a floor above equilibrium does not bind",an increase in employment,B,"At a wage above equilibrium, quantity supplied of labour exceeds quantity demanded. That gap is unemployment in this market.",1,,,"Original classroom item aligned to CAPE Economics syllabus CXC A20/U2/26 (effective for examinations from May–June 2027). Not a CXC past-paper or specimen item. Figures, where used, are fictional."
CE-243,1,Microeconomics,3,Distribution Theory,Wage Differentials,1.3.2,Hard,application,mcq,"In a monopsony, a minimum wage set between the monopsony wage and the competitive wage can",push the wage below MRP further,have no effect because monopsonists ignore laws,raise both the wage and employment,"only reduce employment, as it must in perfect competition",C,"The minimum wage can become the marginal cost of labour over a range, so the monopsonist hires more workers than at the unrestricted monopsony outcome, up to the competitive employment level.",1,,,"Original classroom item aligned to CAPE Economics syllabus CXC A20/U2/26 (effective for examinations from May–June 2027). Not a CXC past-paper or specimen item. Figures, where used, are fictional."
CE-244,1,Microeconomics,3,Distribution Theory,Wage Differentials,1.3.2,Easy,application,mcq,Surgeons are paid more than hospital porters mainly because,"porters work in a monopsony and surgeons do not, and that is the only possible reason",porters have more human capital,the marginal revenue product of surgeons is higher and the supply of trained surgeons is limited,the supply of surgeons is perfectly elastic at a low wage,C,"Long training limits supply, and the value of the extra output is high. Both raise the wage relative to jobs with lower MRP and easier entry.",1,,,"Original classroom item aligned to CAPE Economics syllabus CXC A20/U2/26 (effective for examinations from May–June 2027). Not a CXC past-paper or specimen item. Figures, where used, are fictional."
CE-245,1,Microeconomics,3,Distribution Theory,Wage Differentials,1.3.2,Medium,application,mcq,"Two groups of workers are equally productive, but one group is paid less because employers refuse to hire them into better jobs. This is",discrimination,a compensating differential for a more dangerous job,economic rent from perfectly inelastic supply of the higher-paid group only,a difference in marginal revenue product,A,"If productivity is the same, a pay gap caused by prejudice or exclusion is discrimination, not a compensating or productivity differential.",1,,,"Original classroom item aligned to CAPE Economics syllabus CXC A20/U2/26 (effective for examinations from May–June 2027). Not a CXC past-paper or specimen item. Figures, where used, are fictional."
CE-246,1,Microeconomics,3,Distribution Theory,Wage Differentials,1.3.2,Medium,application,mcq,"Workers in a remote parish are paid less than equally skilled workers in the capital, and moving is costly. This differential can persist because of",perfect mobility,identical non-monetary advantages in both places,immobility of labour,"a law that wages must be equal, which is being obeyed",C,"If workers cannot or will not move, regional supply and demand can keep wages apart. Perfect mobility would arbitrage the gap away.",1,,,"Original classroom item aligned to CAPE Economics syllabus CXC A20/U2/26 (effective for examinations from May–June 2027). Not a CXC past-paper or specimen item. Figures, where used, are fictional."
CE-247,1,Microeconomics,3,Distribution Theory,Wage Differentials,1.3.2,Easy,calculation,mcq,Harbour Cay School employs 32 workers at a wage of EC$950 each per week. The weekly wage bill is,EC$950,EC$30400,EC$31350,EC$32,B,Wage bill = 32 × EC$950 = EC$30400.,1,30400,EC$ per week,"Original classroom item aligned to CAPE Economics syllabus CXC A20/U2/26 (effective for examinations from May–June 2027). Not a CXC past-paper or specimen item. Figures, where used, are fictional."
CE-248,1,Microeconomics,3,Distribution Theory,Wage Differentials,1.3.2,Easy,calculation,mcq,Maren Clinic employs 15 workers at a wage of EC$2000 each per week. The weekly wage bill is,EC$15,EC$30000,EC$32000,EC$2000,B,Wage bill = 15 × EC$2000 = EC$30000.,1,30000,EC$ per week,"Original classroom item aligned to CAPE Economics syllabus CXC A20/U2/26 (effective for examinations from May–June 2027). Not a CXC past-paper or specimen item. Figures, where used, are fictional."
CE-249,1,Microeconomics,3,Distribution Theory,Wage Differentials,1.3.2,Easy,calculation,mcq,Port Clare Hotel employs 25 workers at a wage of EC$1200 each per week. The weekly wage bill is,EC$1200,EC$25,EC$31200,EC$30000,D,Wage bill = 25 × EC$1200 = EC$30000.,1,30000,EC$ per week,"Original classroom item aligned to CAPE Economics syllabus CXC A20/U2/26 (effective for examinations from May–June 2027). Not a CXC past-paper or specimen item. Figures, where used, are fictional."
CE-250,1,Microeconomics,3,Distribution Theory,Wage Differentials,1.3.2,Easy,calculation,mcq,St Brice Council employs 40 workers at a wage of EC$800 each per week. The weekly wage bill is,EC$32000,EC$32800,EC$40,EC$800,A,Wage bill = 40 × EC$800 = EC$32000.,1,32000,EC$ per week,"Original classroom item aligned to CAPE Economics syllabus CXC A20/U2/26 (effective for examinations from May–June 2027). Not a CXC past-paper or specimen item. Figures, where used, are fictional."
CE-251,2,Macroeconomics,1,Models of the Macroeconomy,Basic Keynesian Models,2.1.3,Easy,knowledge,mcq,A basic Keynesian assumption is that,wages fall instantly until the labour market clears,"wages and prices are sticky, so output can settle below full employment",saving and investment are equated only by a flexible interest rate at full employment,velocity of circulation is fixed and output is always at full employment,B,"With spare capacity and sticky wages, changes in aggregate demand change real output, not only prices.",1,,,"Original classroom item aligned to CAPE Economics syllabus CXC A20/U2/26 (effective for examinations from May–June 2027). Not a CXC past-paper or specimen item. Figures, where used, are fictional."
CE-252,2,Macroeconomics,1,Models of the Macroeconomy,Basic Keynesian Models,2.1.3,Medium,knowledge,mcq,A deflationary gap is,the amount by which prices must rise in the Classical model,a surplus on the current account only,the shortfall of aggregate demand below the full-employment level of output,excess demand at full employment,C,"When equilibrium income is below full employment, there is a deflationary, or recessionary, gap. An inflationary gap is the opposite: demand above full-employment output.",1,,,"Original classroom item aligned to CAPE Economics syllabus CXC A20/U2/26 (effective for examinations from May–June 2027). Not a CXC past-paper or specimen item. Figures, where used, are fictional."
CE-253,2,Macroeconomics,1,Models of the Macroeconomy,Basic Keynesian Models,2.1.3,Hard,knowledge,mcq,A liquidity trap occurs when,investment is perfectly inelastic and fiscal policy has no effect,"the demand for money is perfectly elastic at a low interest rate, so increasing the money supply does not lower the rate further",the interest rate rises without limit as the money supply rises,wages are perfectly flexible,B,"In a liquidity trap, extra money is held idle. Monetary policy cannot cut the interest rate, so Keynesians look to fiscal policy.",1,,,"Original classroom item aligned to CAPE Economics syllabus CXC A20/U2/26 (effective for examinations from May–June 2027). Not a CXC past-paper or specimen item. Figures, where used, are fictional."
CE-254,2,Macroeconomics,1,Models of the Macroeconomy,Basic Keynesian Models,2.1.3,Medium,knowledge,mcq,"An inflationary gap is closed, in the Keynesian approach, by",cutting the full-employment level of output,reducing aggregate demand,increasing the marginal propensity to consume,raising aggregate demand further,B,The gap is excess demand. Contractionary fiscal or monetary policy can remove it. A deflationary gap is closed by raising demand.,1,,,"Original classroom item aligned to CAPE Economics syllabus CXC A20/U2/26 (effective for examinations from May–June 2027). Not a CXC past-paper or specimen item. Figures, where used, are fictional."
CE-255,2,Macroeconomics,1,Models of the Macroeconomy,Basic Keynesian Models,2.1.3,Medium,knowledge,mcq,Autonomous consumption is,saving at equilibrium,MPC times income,imports induced by income,the part of consumption that does not depend on current income,D,"Even at zero income the consumption function has an intercept, financed by past saving or borrowing. Induced consumption is the part that depends on income.",1,,,"Original classroom item aligned to CAPE Economics syllabus CXC A20/U2/26 (effective for examinations from May–June 2027). Not a CXC past-paper or specimen item. Figures, where used, are fictional."
CE-256,2,Macroeconomics,1,Models of the Macroeconomy,Basic Keynesian Models,2.1.3,Medium,knowledge,mcq,"If there is no tax, the marginal propensity to consume plus the marginal propensity to save equals",1,the multiplier,0,average propensity to consume only,A,"An extra dollar of disposable income is either consumed or saved, so MPC + MPS = 1.",1,,,"Original classroom item aligned to CAPE Economics syllabus CXC A20/U2/26 (effective for examinations from May–June 2027). Not a CXC past-paper or specimen item. Figures, where used, are fictional."
CE-257,2,Macroeconomics,1,Models of the Macroeconomy,Basic Keynesian Models,2.1.3,Medium,knowledge,mcq,"In the simple Keynesian consumption function C = a + bY, the term b is",the average propensity to consume at every income,the marginal propensity to consume,the marginal propensity to save plus one,autonomous consumption,B,"b is the slope, delta C over delta Y. Autonomous consumption is a. APC is C/Y and falls as Y rises when a is positive.",1,,,"Original classroom item aligned to CAPE Economics syllabus CXC A20/U2/26 (effective for examinations from May–June 2027). Not a CXC past-paper or specimen item. Figures, where used, are fictional."
CE-258,2,Macroeconomics,1,Models of the Macroeconomy,Basic Keynesian Models,2.1.3,Hard,knowledge,mcq,In the simple Keynesian model the balanced-budget multiplier is,"1, so an equal rise in government spending and tax raises income by that same amount","equal to 1/(1-MPC), the same as a rise in spending with no tax","0, so the policy has no effect","undefined, because the budget cannot be balanced",A,"The spending raises income directly. The tax reduces consumption by MPC times the tax, not by the whole tax. The net multiplier on an equal rise in G and T is 1. This item asks for the concept, not a numerical calculation.",1,,,"Original classroom item aligned to CAPE Economics syllabus CXC A20/U2/26 (effective for examinations from May–June 2027). Not a CXC past-paper or specimen item. Figures, where used, are fictional."
CE-259,2,Macroeconomics,1,Models of the Macroeconomy,Basic Keynesian Models,2.1.3,Medium,knowledge,mcq,"On the Keynesian 45-degree diagram, equilibrium national income is where",marginal revenue equals marginal cost,saving is zero at every income,aggregate demand crosses the 45-degree line,the price level is on the vertical axis and output is fixed,C,The 45-degree line shows points where planned spending equals income. Their intersection with aggregate demand is equilibrium output.,1,,,"Original classroom item aligned to CAPE Economics syllabus CXC A20/U2/26 (effective for examinations from May–June 2027). Not a CXC past-paper or specimen item. Figures, where used, are fictional."
CE-260,2,Macroeconomics,1,Models of the Macroeconomy,Basic Keynesian Models,2.1.3,Hard,knowledge,mcq,"The paradox of thrift, in a Keynesian model with spare capacity, says that",consumption and saving move in opposite directions for one household but income is fixed for the economy,an attempt by everyone to save more can reduce income so that actual saving does not rise,higher saving always raises equilibrium income,the interest rate falls and investment rises enough to keep income at full employment,B,"For one household, saving more is possible if income is given. For the economy, less consumption lowers income, and saving, which depends on income, may not increase.",1,,,"Original classroom item aligned to CAPE Economics syllabus CXC A20/U2/26 (effective for examinations from May–June 2027). Not a CXC past-paper or specimen item. Figures, where used, are fictional."
CE-261,2,Macroeconomics,1,Models of the Macroeconomy,Basic Keynesian Models,2.1.3,Medium,application,mcq,"As income rises along C = a + bY, with a positive,",the average propensity to consume rises above 1 and stays there,the average propensity to consume falls toward the marginal propensity to consume,the marginal propensity to consume becomes greater than 1,autonomous consumption rises with income,B,"APC = a/Y + b. As Y increases, a/Y shrinks, so APC falls toward b, the MPC.",1,,,"Original classroom item aligned to CAPE Economics syllabus CXC A20/U2/26 (effective for examinations from May–June 2027). Not a CXC past-paper or specimen item. Figures, where used, are fictional."
CE-262,2,Macroeconomics,1,Models of the Macroeconomy,Basic Keynesian Models,2.1.3,Medium,application,mcq,"In a deep recession with spare capacity, the Keynesian remedy for unemployment is",a rise in interest rates to encourage saving,an increase in government spending or a cut in taxes,a wage increase imposed on firms that already cannot sell their output,a cut in aggregate demand,B,"The problem is deficient demand. Raising injections, or reducing withdrawals, multiplies through to higher output and employment when resources are idle.",1,,,"Original classroom item aligned to CAPE Economics syllabus CXC A20/U2/26 (effective for examinations from May–June 2027). Not a CXC past-paper or specimen item. Figures, where used, are fictional."
CE-263,2,Macroeconomics,1,Models of the Macroeconomy,Basic Keynesian Models,2.1.3,Medium,application,mcq,Liquidity preference is Keynes's explanation of,the Lorenz curve,comparative advantage,the production possibility frontier,the demand for money,D,"People hold money for transactions, precaution and speculation. The speculative demand falls as the interest rate rises, which is why money demand slopes downward against the interest rate.",1,,,"Original classroom item aligned to CAPE Economics syllabus CXC A20/U2/26 (effective for examinations from May–June 2027). Not a CXC past-paper or specimen item. Figures, where used, are fictional."
CE-264,2,Macroeconomics,1,Models of the Macroeconomy,Basic Keynesian Models,2.1.3,Medium,application,mcq,"Other things equal, a higher marginal propensity to import makes the multiplier","larger, because imports are an injection",equal to 1 regardless of the marginal propensity to consume,infinite,"smaller, because more of any extra income leaks into imports",D,"Imports are a withdrawal. The more of each extra dollar that is spent abroad, the less remains to generate further domestic income.",1,,,"Original classroom item aligned to CAPE Economics syllabus CXC A20/U2/26 (effective for examinations from May–June 2027). Not a CXC past-paper or specimen item. Figures, where used, are fictional."
CE-265,2,Macroeconomics,1,Models of the Macroeconomy,Basic Keynesian Models,2.1.3,Hard,calculation,mcq,"In Harbour Cay, consumption is 200 + 0.6Y, investment is 50, government spending is 70, exports are 40 and imports are 20. All figures are EC$ million and imports are autonomous. Equilibrium income, from Y = C + I + G + (X − M), is",EC$850 million,EC$204 million,EC$340 million,EC$342.5 million,A,"Autonomous spending is 200+50+70+40−20 = 340. Y = 340 / (1 − 0.6) = 850. Check: C = 200 + 0.6×850 = 710, and C+I+G+X−M = 850.",1,850,EC$ million,"Original classroom item aligned to CAPE Economics syllabus CXC A20/U2/26 (effective for examinations from May–June 2027). Not a CXC past-paper or specimen item. Figures, where used, are fictional."
CE-266,2,Macroeconomics,1,Models of the Macroeconomy,Basic Keynesian Models,2.1.3,Medium,calculation,mcq,"In Harbour Cay, the consumption function is C = 40 + 0.9Y and income is EC$800 million. The average propensity to consume, C/Y, is",760,0.05,0.95,0.9,C,"C = 40 + 0.9×800 = 760. APC = C/Y = 0.95. MPC is the slope, 0.9, which is not the same as APC when there is autonomous consumption.",1,0.95,proportion of income,"Original classroom item aligned to CAPE Economics syllabus CXC A20/U2/26 (effective for examinations from May–June 2027). Not a CXC past-paper or specimen item. Figures, where used, are fictional."
CE-267,2,Macroeconomics,1,Models of the Macroeconomy,Basic Keynesian Models,2.1.3,Hard,calculation,mcq,"In Maren Island, consumption is 80 + 0.5Y, investment is 40, government spending is 60, exports are 20 and imports are 10. All figures are EC$ million and imports are autonomous. Equilibrium income, from Y = C + I + G + (X − M), is",EC$190 million,EC$192 million,EC$95 million,EC$380 million,D,"Autonomous spending is 80+40+60+20−10 = 190. Y = 190 / (1 − 0.5) = 380. Check: C = 80 + 0.5×380 = 270, and C+I+G+X−M = 380.",1,380,EC$ million,"Original classroom item aligned to CAPE Economics syllabus CXC A20/U2/26 (effective for examinations from May–June 2027). Not a CXC past-paper or specimen item. Figures, where used, are fictional."
CE-268,2,Macroeconomics,1,Models of the Macroeconomy,Basic Keynesian Models,2.1.3,Medium,calculation,mcq,"In Maren Island, the consumption function is C = 80 + 0.5Y and income is EC$200 million. The average propensity to consume, C/Y, is",0.5,0.9,0.1,0.4,B,"C = 80 + 0.5×200 = 180. APC = C/Y = 0.9. MPC is the slope, 0.5, which is not the same as APC when there is autonomous consumption.",1,0.9,proportion of income,"Original classroom item aligned to CAPE Economics syllabus CXC A20/U2/26 (effective for examinations from May–June 2027). Not a CXC past-paper or specimen item. Figures, where used, are fictional."
CE-269,2,Macroeconomics,1,Models of the Macroeconomy,Basic Keynesian Models,2.1.3,Hard,calculation,mcq,"In Port Clare, consumption is 50 + 0.75Y, investment is 30, government spending is 40, exports are 20 and imports are 15. All figures are EC$ million and imports are autonomous. Equilibrium income, from Y = C + I + G + (X − M), is",EC$93.75 million,EC$129 million,EC$500 million,EC$125 million,C,"Autonomous spending is 50+30+40+20−15 = 125. Y = 125 / (1 − 0.75) = 500. Check: C = 50 + 0.75×500 = 425, and C+I+G+X−M = 500.",1,500,EC$ million,"Original classroom item aligned to CAPE Economics syllabus CXC A20/U2/26 (effective for examinations from May–June 2027). Not a CXC past-paper or specimen item. Figures, where used, are fictional."
CE-270,2,Macroeconomics,1,Models of the Macroeconomy,Basic Keynesian Models,2.1.3,Medium,calculation,mcq,"In Port Clare, the consumption function is C = 50 + 0.75Y and income is EC$500 million. The average propensity to consume, C/Y, is",0.85,0.15,0.75,0.1,A,"C = 50 + 0.75×500 = 425. APC = C/Y = 0.85. MPC is the slope, 0.75, which is not the same as APC when there is autonomous consumption.",1,0.85,proportion of income,"Original classroom item aligned to CAPE Economics syllabus CXC A20/U2/26 (effective for examinations from May–June 2027). Not a CXC past-paper or specimen item. Figures, where used, are fictional."
CE-271,2,Macroeconomics,1,Models of the Macroeconomy,Basic Keynesian Models,2.1.3,Hard,calculation,mcq,"In St Brice, consumption is 100 + 0.8Y, investment is 40, government spending is 50, exports are 30 and imports are 20. All figures are EC$ million and imports are autonomous. Equilibrium income, from Y = C + I + G + (X − M), is",EC$200 million,EC$160 million,EC$1000 million,EC$205 million,C,"Autonomous spending is 100+40+50+30−20 = 200. Y = 200 / (1 − 0.8) = 1000. Check: C = 100 + 0.8×1000 = 900, and C+I+G+X−M = 1000.",1,1000,EC$ million,"Original classroom item aligned to CAPE Economics syllabus CXC A20/U2/26 (effective for examinations from May–June 2027). Not a CXC past-paper or specimen item. Figures, where used, are fictional."
CE-272,2,Macroeconomics,1,Models of the Macroeconomy,Basic Keynesian Models,2.1.3,Medium,calculation,mcq,"In St Brice, the consumption function is C = 100 + 0.8Y and income is EC$500 million. The average propensity to consume, C/Y, is",0.2,1,0.8,0,B,"C = 100 + 0.8×500 = 500. APC = C/Y = 1. MPC is the slope, 0.8, which is not the same as APC when there is autonomous consumption.",1,1,proportion of income,"Original classroom item aligned to CAPE Economics syllabus CXC A20/U2/26 (effective for examinations from May–June 2027). Not a CXC past-paper or specimen item. Figures, where used, are fictional."
CE-273,2,Macroeconomics,1,Models of the Macroeconomy,Basic Keynesian Models,2.1.3,Medium,calculation,mcq,"In a closed economy with no government, the Harbour Cay model uses the multiplier 1 / (1 − MPC). MPC is 0.6. The multiplier is",2.5,1.67,0.6,0.4,A,The multiplier is 1 / (1 − 0.6) = 1 / 0.4 = 2.5. It is not 1/MPC.,1,2.5,multiplier,"Original classroom item aligned to CAPE Economics syllabus CXC A20/U2/26 (effective for examinations from May–June 2027). Not a CXC past-paper or specimen item. Figures, where used, are fictional."
CE-274,2,Macroeconomics,1,Models of the Macroeconomy,Basic Keynesian Models,2.1.3,Medium,calculation,mcq,"In a closed economy with no government, the Maren Island model uses the multiplier 1 / (1 − MPC). MPC is 0.5. The multiplier is",1,2,5,0.5,B,The multiplier is 1 / (1 − 0.5) = 1 / 0.5 = 2. It is not 1/MPC.,1,2,multiplier,"Original classroom item aligned to CAPE Economics syllabus CXC A20/U2/26 (effective for examinations from May–June 2027). Not a CXC past-paper or specimen item. Figures, where used, are fictional."
CE-275,2,Macroeconomics,1,Models of the Macroeconomy,Basic Keynesian Models,2.1.3,Medium,calculation,mcq,"In a closed economy with no government, the Port Clare model uses the multiplier 1 / (1 − MPC). MPC is 0.75. The multiplier is",1.33,4,0.75,0.25,B,The multiplier is 1 / (1 − 0.75) = 1 / 0.25 = 4. It is not 1/MPC.,1,4,multiplier,"Original classroom item aligned to CAPE Economics syllabus CXC A20/U2/26 (effective for examinations from May–June 2027). Not a CXC past-paper or specimen item. Figures, where used, are fictional."
CE-276,2,Macroeconomics,1,Models of the Macroeconomy,Basic Keynesian Models,2.1.3,Medium,calculation,mcq,"In a closed economy with no government, the St Brice model uses the multiplier 1 / (1 − MPC). MPC is 0.8. The multiplier is",1.25,0.2,0.8,5,D,The multiplier is 1 / (1 − 0.8) = 1 / 0.2 = 5. It is not 1/MPC.,1,5,multiplier,"Original classroom item aligned to CAPE Economics syllabus CXC A20/U2/26 (effective for examinations from May–June 2027). Not a CXC past-paper or specimen item. Figures, where used, are fictional."
CE-277,2,Macroeconomics,1,Models of the Macroeconomy,Basic Keynesian Models,2.1.3,Medium,calculation,mcq,"Using that same Harbour Cay multiplier of 2.5, an increase in autonomous investment of EC$15 million changes equilibrium national income by",EC$37.5 million,EC$9 million,EC$15 million,EC$17.5 million,A,Change in income = multiplier × injection = 2.5 × 15 = 37.5.,1,37.5,EC$ million,"Original classroom item aligned to CAPE Economics syllabus CXC A20/U2/26 (effective for examinations from May–June 2027). Not a CXC past-paper or specimen item. Figures, where used, are fictional."
CE-278,2,Macroeconomics,1,Models of the Macroeconomy,Basic Keynesian Models,2.1.3,Medium,calculation,mcq,"Using that same Maren Island multiplier of 2, an increase in autonomous investment of EC$40 million changes equilibrium national income by",EC$40 million,EC$42 million,EC$20 million,EC$80 million,D,Change in income = multiplier × injection = 2 × 40 = 80.,1,80,EC$ million,"Original classroom item aligned to CAPE Economics syllabus CXC A20/U2/26 (effective for examinations from May–June 2027). Not a CXC past-paper or specimen item. Figures, where used, are fictional."
CE-279,2,Macroeconomics,1,Models of the Macroeconomy,Basic Keynesian Models,2.1.3,Medium,calculation,mcq,"Using that same Port Clare multiplier of 4, an increase in autonomous investment of EC$20 million changes equilibrium national income by",EC$80 million,EC$20 million,EC$24 million,EC$15 million,A,Change in income = multiplier × injection = 4 × 20 = 80.,1,80,EC$ million,"Original classroom item aligned to CAPE Economics syllabus CXC A20/U2/26 (effective for examinations from May–June 2027). Not a CXC past-paper or specimen item. Figures, where used, are fictional."
CE-280,2,Macroeconomics,1,Models of the Macroeconomy,Basic Keynesian Models,2.1.3,Medium,calculation,mcq,"Using that same St Brice multiplier of 5, an increase in autonomous investment of EC$10 million changes equilibrium national income by",EC$15 million,EC$10 million,EC$8 million,EC$50 million,D,Change in income = multiplier × injection = 5 × 10 = 50.,1,50,EC$ million,"Original classroom item aligned to CAPE Economics syllabus CXC A20/U2/26 (effective for examinations from May–June 2027). Not a CXC past-paper or specimen item. Figures, where used, are fictional."
CE-281,2,Macroeconomics,1,Models of the Macroeconomy,Classical Models of the Macroeconomy,2.1.2,Easy,knowledge,mcq,A central Classical assumption is that,the money supply never affects prices,aggregate demand alone sets real output at every price,"wages, prices and interest rates are flexible and the economy tends to full employment","wages are stuck, so the economy can stay below full employment indefinitely",C,"Classical models rely on flexible markets to clear labour, goods and loanable funds at full employment.",1,,,"Original classroom item aligned to CAPE Economics syllabus CXC A20/U2/26 (effective for examinations from May–June 2027). Not a CXC past-paper or specimen item. Figures, where used, are fictional."
CE-282,2,Macroeconomics,1,Models of the Macroeconomy,Classical Models of the Macroeconomy,2.1.2,Medium,knowledge,mcq,Classical unemployment is viewed mainly as,"voluntary or temporary, because flexible wages clear the labour market",the same thing as a liquidity trap,a permanent equilibrium below full employment caused by sticky wages,impossible to define,A,"If the real wage can fall, the quantity of labour demanded rises until everyone who wants work at that wage is employed. Remaining unemployment is frictional or a choice not to work at the going wage.",1,,,"Original classroom item aligned to CAPE Economics syllabus CXC A20/U2/26 (effective for examinations from May–June 2027). Not a CXC past-paper or specimen item. Figures, where used, are fictional."
CE-283,2,Macroeconomics,1,Models of the Macroeconomy,Classical Models of the Macroeconomy,2.1.2,Medium,knowledge,mcq,"Crowding out, in a Classical full-employment setting with a fixed money supply, means",taxes automatically fall in a boom,the multiplier is larger than in a deep recession,government spending raises private investment dollar for dollar with no interest-rate effect,government borrowing raises the interest rate and reduces private investment,D,"At full employment, extra public borrowing competes for funds, the interest rate rises, and private investment falls. The net rise in demand is then smaller.",1,,,"Original classroom item aligned to CAPE Economics syllabus CXC A20/U2/26 (effective for examinations from May–June 2027). Not a CXC past-paper or specimen item. Figures, where used, are fictional."
CE-284,2,Macroeconomics,1,Models of the Macroeconomy,Classical Models of the Macroeconomy,2.1.2,Medium,knowledge,mcq,"In the Classical model, the long-run aggregate supply curve is",downward sloping,the same curve as aggregate demand,horizontal at a sticky price,vertical at the full-employment level of output,D,"With flexible wages, output is pinned at full employment. A rise in aggregate demand raises the price level rather than real output in the long run.",1,,,"Original classroom item aligned to CAPE Economics syllabus CXC A20/U2/26 (effective for examinations from May–June 2027). Not a CXC past-paper or specimen item. Figures, where used, are fictional."
CE-285,2,Macroeconomics,1,Models of the Macroeconomy,Classical Models of the Macroeconomy,2.1.2,Medium,knowledge,mcq,"Say's Law, as used in the Classical model, says that",saving always exceeds investment at full employment,demand creates its own supply with sticky prices,supply creates its own demand,exports must equal taxes,C,"Producing goods generates the incomes with which those goods are bought, so a general glut of goods is ruled out in the strict Classical story.",1,,,"Original classroom item aligned to CAPE Economics syllabus CXC A20/U2/26 (effective for examinations from May–June 2027). Not a CXC past-paper or specimen item. Figures, where used, are fictional."
CE-286,2,Macroeconomics,1,Models of the Macroeconomy,Classical Models of the Macroeconomy,2.1.2,Hard,knowledge,mcq,Which contrast is correct?,Both schools deny that aggregate demand can affect prices,Classical economists expect flexible wages to restore full employment; Keynesians allow sticky wages and an equilibrium below full employment,Keynesians assume the interest rate always clears the goods market at full employment,Classical economists assume a horizontal aggregate supply curve at every output,B,The policy difference follows from the assumption about wage and price flexibility. Keynesian under-employment equilibrium is possible when wages do not fall.,1,,,"Original classroom item aligned to CAPE Economics syllabus CXC A20/U2/26 (effective for examinations from May–June 2027). Not a CXC past-paper or specimen item. Figures, where used, are fictional."
CE-287,2,Macroeconomics,1,Models of the Macroeconomy,Classical Models of the Macroeconomy,2.1.2,Easy,application,mcq,A point on the Classical long-run aggregate supply curve shows,"full-employment output, whatever the price level",unemployment of labour at a sticky wage,a deflationary gap by definition,the Keynesian 45-degree equilibrium only,A,"Because the curve is vertical, each price level is associated with the same full-employment output.",1,,,"Original classroom item aligned to CAPE Economics syllabus CXC A20/U2/26 (effective for examinations from May–June 2027). Not a CXC past-paper or specimen item. Figures, where used, are fictional."
CE-288,2,Macroeconomics,1,Models of the Macroeconomy,Classical Models of the Macroeconomy,2.1.2,Medium,application,mcq,"A rightward shift of long-run aggregate supply, in a Classical diagram, can be caused by",a higher money supply with no change in productive capacity,a fall in aggregate demand,sticky wages,growth of the labour force or an improvement in technology,D,"Long-run supply shifts when potential output changes. A monetary expansion shifts aggregate demand and, in this model, changes prices rather than potential output.",1,,,"Original classroom item aligned to CAPE Economics syllabus CXC A20/U2/26 (effective for examinations from May–June 2027). Not a CXC past-paper or specimen item. Figures, where used, are fictional."
CE-289,2,Macroeconomics,1,Models of the Macroeconomy,Classical Models of the Macroeconomy,2.1.2,Medium,application,mcq,"In the Classical loanable-funds story, a rise in saving",lowers the interest rate and raises investment until saving and investment are equal,causes a permanent glut of goods,raises the interest rate and cuts investment,has no link to the interest rate,A,Flexible interest rates equate planned saving and planned investment. Extra saving pushes the interest rate down and encourages investment.,1,,,"Original classroom item aligned to CAPE Economics syllabus CXC A20/U2/26 (effective for examinations from May–June 2027). Not a CXC past-paper or specimen item. Figures, where used, are fictional."
CE-290,2,Macroeconomics,1,Models of the Macroeconomy,Classical Models of the Macroeconomy,2.1.2,Hard,application,mcq,"In the Classical model, an increase in the money supply, with velocity stable and output at full employment,",raises real output in proportion and leaves prices unchanged,raises the price level in proportion,creates a liquidity trap,lowers the price level,B,"The quantity theory, MV = PY, with V and Y fixed, implies that P moves in proportion to M.",1,,,"Original classroom item aligned to CAPE Economics syllabus CXC A20/U2/26 (effective for examinations from May–June 2027). Not a CXC past-paper or specimen item. Figures, where used, are fictional."
CE-291,2,Macroeconomics,1,Models of the Macroeconomy,Investment,2.1.4,Easy,knowledge,mcq,"Investment, in national-income accounting, means",consumption of food,"spending on capital goods, changes in stocks, and new buildings",a transfer payment,buying an existing share from another household,B,Buying an existing financial asset only transfers ownership. Investment in this module is the creation of real capital.,1,,,"Original classroom item aligned to CAPE Economics syllabus CXC A20/U2/26 (effective for examinations from May–June 2027). Not a CXC past-paper or specimen item. Figures, where used, are fictional."
CE-292,2,Macroeconomics,1,Models of the Macroeconomy,Investment,2.1.4,Medium,knowledge,mcq,Replacement investment is,a withdrawal from the circular flow,purchases of imported consumer goods,the same as net investment by definition,spending to make good depreciation of the existing capital stock,D,Gross investment equals net investment plus replacement of worn-out capital. Net investment is the addition to the capital stock.,1,,,"Original classroom item aligned to CAPE Economics syllabus CXC A20/U2/26 (effective for examinations from May–June 2027). Not a CXC past-paper or specimen item. Figures, where used, are fictional."
CE-293,2,Macroeconomics,1,Models of the Macroeconomy,Investment,2.1.4,Medium,knowledge,mcq,The accelerator principle says that net investment depends on,"last year's interest rate only, with output irrelevant",the price level alone,"the rate of change of national income, not only on the level of income",the Gini coefficient,C,"If firms want a stock of capital in proportion to output, they invest when output is rising. If the growth of output slows, investment can fall even while output is still high.",1,,,"Original classroom item aligned to CAPE Economics syllabus CXC A20/U2/26 (effective for examinations from May–June 2027). Not a CXC past-paper or specimen item. Figures, where used, are fictional."
CE-294,2,Macroeconomics,1,Models of the Macroeconomy,Investment,2.1.4,Medium,knowledge,mcq,The marginal efficiency of capital is,the accelerator coefficient,"the flow of investment during a year, drawn against the interest rate, including shifts from business confidence",the expected rate of return on an extra unit of the capital stock,the marginal propensity to consume,C,MEC is a stock concept: the return expected from one more machine. It is compared with the interest rate. MEI is the related flow of investment spending.,1,,,"Original classroom item aligned to CAPE Economics syllabus CXC A20/U2/26 (effective for examinations from May–June 2027). Not a CXC past-paper or specimen item. Figures, where used, are fictional."
CE-295,2,Macroeconomics,1,Models of the Macroeconomy,Investment,2.1.4,Hard,knowledge,mcq,The marginal efficiency of investment schedule shifts when,consumption is autonomous,"business confidence, technology or the cost of capital goods changes, at a given interest rate","only the interest rate changes, moving the economy along the schedule",the money supply is constant and nothing else happens,B,"A change in the interest rate is a movement along the MEI schedule. Expectations, technical progress and capital-goods prices shift it.",1,,,"Original classroom item aligned to CAPE Economics syllabus CXC A20/U2/26 (effective for examinations from May–June 2027). Not a CXC past-paper or specimen item. Figures, where used, are fictional."
CE-296,2,Macroeconomics,1,Models of the Macroeconomy,Investment,2.1.4,Medium,application,mcq,A firm compares the marginal efficiency of capital with the interest rate. It buys the extra machine if,the expected rate of return is below the interest rate,velocity is constant,the expected rate of return is above the interest rate,the interest rate is equal to the wage,C,The interest rate is the opportunity cost of funds. A project whose expected return exceeds that cost adds to profit.,1,,,"Original classroom item aligned to CAPE Economics syllabus CXC A20/U2/26 (effective for examinations from May–June 2027). Not a CXC past-paper or specimen item. Figures, where used, are fictional."
CE-297,2,Macroeconomics,1,Models of the Macroeconomy,Investment,2.1.4,Medium,application,mcq,"Interest rates fall and nothing else changes. Along a downward-sloping MEI schedule,",the schedule shifts left,the volume of investment rises,the volume of investment falls,marginal efficiency becomes meaningless,B,"More projects now have a return above the lower cost of borrowing, so planned investment increases. That is a movement along the schedule.",1,,,"Original classroom item aligned to CAPE Economics syllabus CXC A20/U2/26 (effective for examinations from May–June 2027). Not a CXC past-paper or specimen item. Figures, where used, are fictional."
CE-298,2,Macroeconomics,1,Models of the Macroeconomy,Investment,2.1.4,Hard,application,mcq,"Output has been growing quickly and then the growth rate slows, although output is still rising. The simple accelerator predicts that",the capital stock must fall to zero,induced investment keeps rising at the previous pace,induced investment depends only on the price level,induced investment falls,D,"The accelerator ties investment to the change in output. A smaller increase in output requires a smaller addition to the capital stock, so investment drops.",1,,,"Original classroom item aligned to CAPE Economics syllabus CXC A20/U2/26 (effective for examinations from May–June 2027). Not a CXC past-paper or specimen item. Figures, where used, are fictional."
CE-299,2,Macroeconomics,1,Models of the Macroeconomy,Investment,2.1.4,Easy,application,mcq,Which event shifts the investment demand schedule to the right?,A fall in expected returns on capital,A rise in business confidence about future sales,A rise in the rate of interest alone,An increase in the cost of new machines with no change in expected revenue,B,"Better expectations raise the return at each interest rate, which is a shift. A higher interest rate is a movement up the existing schedule and lower investment.",1,,,"Original classroom item aligned to CAPE Economics syllabus CXC A20/U2/26 (effective for examinations from May–June 2027). Not a CXC past-paper or specimen item. Figures, where used, are fictional."
CE-300,2,Macroeconomics,1,Models of the Macroeconomy,National Income Accounting,2.1.1,Medium,knowledge,mcq,Disposable income is,"household income after personal taxes, available to spend or save",the same as the government budget deficit,GDP at factor cost,exports minus imports,A,Personal income is received by households. Disposable income is what remains after personal taxes. It is the income behind consumption and saving.,1,,,"Original classroom item aligned to CAPE Economics syllabus CXC A20/U2/26 (effective for examinations from May–June 2027). Not a CXC past-paper or specimen item. Figures, where used, are fictional."
CE-301,2,Macroeconomics,1,Models of the Macroeconomy,National Income Accounting,2.1.1,Medium,knowledge,mcq,GDP is a measure of output produced,only in the public sector,only as a stock of wealth,"on the country's territory, whether or not the factors are owned by residents","only by nationally owned factors, wherever they are located",C,"GDP is territorial. GNP adds net property income from abroad, so it follows nationally owned factors.",1,,,"Original classroom item aligned to CAPE Economics syllabus CXC A20/U2/26 (effective for examinations from May–June 2027). Not a CXC past-paper or specimen item. Figures, where used, are fictional."
CE-302,2,Macroeconomics,1,Models of the Macroeconomy,National Income Accounting,2.1.1,Easy,knowledge,mcq,"In the circular flow of income, households",are outside the flow because only government spends,"supply factors to firms and receive incomes, which they spend on output",export factors and never consume,produce all output and pay themselves no income,B,"Households own the factors. Firms hire those factors, pay incomes, and sell output back to households.",1,,,"Original classroom item aligned to CAPE Economics syllabus CXC A20/U2/26 (effective for examinations from May–June 2027). Not a CXC past-paper or specimen item. Figures, where used, are fictional."
CE-303,2,Macroeconomics,1,Models of the Macroeconomy,National Income Accounting,2.1.1,Hard,knowledge,mcq,"Net national income, in the standard sequence used with this syllabus, is related to GNP by",adding indirect taxes and subtracting subsidies,ignoring capital consumption,subtracting depreciation,adding imports,C,Depreciation is the using-up of the capital stock. Subtracting it from GNP moves from a gross measure to a net measure of national income.,1,,,"Original classroom item aligned to CAPE Economics syllabus CXC A20/U2/26 (effective for examinations from May–June 2027). Not a CXC past-paper or specimen item. Figures, where used, are fictional."
CE-304,2,Macroeconomics,1,Models of the Macroeconomy,National Income Accounting,2.1.1,Easy,knowledge,mcq,"Nominal GDP can rise from one year to the next even if real output does not, because",the terms of trade must have fallen,depreciation is zero,imports are not subtracted,prices have risen,D,"Nominal GDP is valued at current prices. Real GDP uses constant prices, so it changes only when quantities change.",1,,,"Original classroom item aligned to CAPE Economics syllabus CXC A20/U2/26 (effective for examinations from May–June 2027). Not a CXC past-paper or specimen item. Figures, where used, are fictional."
CE-305,2,Macroeconomics,1,Models of the Macroeconomy,National Income Accounting,2.1.1,Medium,knowledge,mcq,Per capita income is,the Gini coefficient,the wage of the median worker only,national income multiplied by population,national income divided by population,D,Per capita income is an average. It says nothing by itself about how equally that income is distributed.,1,,,"Original classroom item aligned to CAPE Economics syllabus CXC A20/U2/26 (effective for examinations from May–June 2027). Not a CXC past-paper or specimen item. Figures, where used, are fictional."
CE-306,2,Macroeconomics,1,Models of the Macroeconomy,National Income Accounting,2.1.1,Easy,knowledge,mcq,Which list contains injections into the circular flow?,"Taxation, exports and saving","Saving, investment and imports","Saving, taxation and imports","Investment, government spending and exports",D,"Injections are spending that does not come from current household consumption: I, G and X. Withdrawals are S, T and M.",1,,,"Original classroom item aligned to CAPE Economics syllabus CXC A20/U2/26 (effective for examinations from May–June 2027). Not a CXC past-paper or specimen item. Figures, where used, are fictional."
CE-307,2,Macroeconomics,1,Models of the Macroeconomy,National Income Accounting,2.1.1,Easy,knowledge,mcq,Which list contains withdrawals from the circular flow?,"Consumption, investment and exports","Wages, rent and profit","Saving, taxation and imports","Investment, government spending and exports",C,"Saving, taxes and imports leak income out of the domestic spending flow. Equilibrium can be stated as injections equal to withdrawals.",1,,,"Original classroom item aligned to CAPE Economics syllabus CXC A20/U2/26 (effective for examinations from May–June 2027). Not a CXC past-paper or specimen item. Figures, where used, are fictional."
CE-308,2,Macroeconomics,1,Models of the Macroeconomy,National Income Accounting,2.1.1,Medium,application,mcq,"A rise in real GDP per capita does not by itself prove living standards have risen for most people, because",per capita figures ignore the number of people,real GDP already deducts every non-market activity and all pollution,the extra income may be concentrated in a few households,population cannot change,C,"An average can rise while the median household gains nothing. GDP also omits unpaid work, leisure and environmental damage.",1,,,"Original classroom item aligned to CAPE Economics syllabus CXC A20/U2/26 (effective for examinations from May–June 2027). Not a CXC past-paper or specimen item. Figures, where used, are fictional."
CE-309,2,Macroeconomics,1,Models of the Macroeconomy,National Income Accounting,2.1.1,Medium,application,mcq,Counting both the flour sold to a bakery and the bread sold to households would,remove indirect taxes,"double-count, because the flour is an intermediate good already inside the value of the bread",be the correct value-added method,measure GNP rather than GDP,B,"GDP counts final goods, or the value added at each stage, not the intermediate good and the final good as well.",1,,,"Original classroom item aligned to CAPE Economics syllabus CXC A20/U2/26 (effective for examinations from May–June 2027). Not a CXC past-paper or specimen item. Figures, where used, are fictional."
CE-310,2,Macroeconomics,1,Models of the Macroeconomy,National Income Accounting,2.1.1,Medium,application,mcq,"Foreign-owned hotels in Maren Island repatriate profits. Other things equal, this makes",GNP larger than GDP,GDP larger than GNP,GDP equal to depreciation,net property income from abroad positive,B,"Profits paid to foreign owners are net property income paid abroad, so net property income from abroad is negative and GNP is below GDP.",1,,,"Original classroom item aligned to CAPE Economics syllabus CXC A20/U2/26 (effective for examinations from May–June 2027). Not a CXC past-paper or specimen item. Figures, where used, are fictional."
CE-311,2,Macroeconomics,1,Models of the Macroeconomy,National Income Accounting,2.1.1,Medium,application,mcq,Which payment should be excluded from government spending when measuring GDP?,The cost of a new public road,The salary of a public-school teacher,Government purchases of locally made medicines,Unemployment benefits paid to households,D,Transfer payments are not payments for current output. Including them would double-count income that is counted when households spend. Teacher salaries and road building are purchases of output.,1,,,"Original classroom item aligned to CAPE Economics syllabus CXC A20/U2/26 (effective for examinations from May–June 2027). Not a CXC past-paper or specimen item. Figures, where used, are fictional."
CE-312,2,Macroeconomics,1,Models of the Macroeconomy,National Income Accounting,2.1.1,Medium,calculation,mcq,"GDP at market prices in Harbour Cay is EC$800 million. Indirect taxes are EC$100 million and subsidies are EC$25 million. Using GDP at factor cost = GDP at market prices − indirect taxes + subsidies, GDP at factor cost is",EC$925 million,EC$675 million,EC$875 million,EC$725 million,D,Factor cost removes indirect taxes and adds subsidies: 800 − 100 + 25 = 725.,1,725,EC$ million,"Original classroom item aligned to CAPE Economics syllabus CXC A20/U2/26 (effective for examinations from May–June 2027). Not a CXC past-paper or specimen item. Figures, where used, are fictional."
CE-313,2,Macroeconomics,1,Models of the Macroeconomy,National Income Accounting,2.1.1,Medium,calculation,mcq,"GDP at market prices in Maren Island is EC$640 million. Indirect taxes are EC$40 million and subsidies are EC$10 million. Using GDP at factor cost = GDP at market prices − indirect taxes + subsidies, GDP at factor cost is",EC$670 million,EC$590 million,EC$690 million,EC$610 million,D,Factor cost removes indirect taxes and adds subsidies: 640 − 40 + 10 = 610.,1,610,EC$ million,"Original classroom item aligned to CAPE Economics syllabus CXC A20/U2/26 (effective for examinations from May–June 2027). Not a CXC past-paper or specimen item. Figures, where used, are fictional."
CE-314,2,Macroeconomics,1,Models of the Macroeconomy,National Income Accounting,2.1.1,Medium,calculation,mcq,"GDP at market prices in Port Clare is EC$1200 million. Indirect taxes are EC$150 million and subsidies are EC$30 million. Using GDP at factor cost = GDP at market prices − indirect taxes + subsidies, GDP at factor cost is",EC$1380 million,EC$1320 million,EC$1080 million,EC$1020 million,C,Factor cost removes indirect taxes and adds subsidies: 1200 − 150 + 30 = 1080.,1,1080,EC$ million,"Original classroom item aligned to CAPE Economics syllabus CXC A20/U2/26 (effective for examinations from May–June 2027). Not a CXC past-paper or specimen item. Figures, where used, are fictional."
CE-315,2,Macroeconomics,1,Models of the Macroeconomy,National Income Accounting,2.1.1,Medium,calculation,mcq,"GDP at market prices in St Brice is EC$900 million. Indirect taxes are EC$70 million and subsidies are EC$20 million. Using GDP at factor cost = GDP at market prices − indirect taxes + subsidies, GDP at factor cost is",EC$810 million,EC$990 million,EC$950 million,EC$850 million,D,Factor cost removes indirect taxes and adds subsidies: 900 − 70 + 20 = 850.,1,850,EC$ million,"Original classroom item aligned to CAPE Economics syllabus CXC A20/U2/26 (effective for examinations from May–June 2027). Not a CXC past-paper or specimen item. Figures, where used, are fictional."
CE-316,2,Macroeconomics,1,Models of the Macroeconomy,National Income Accounting,2.1.1,Medium,calculation,mcq,"GDP at market prices in Westford is EC$450 million. Indirect taxes are EC$60 million and subsidies are EC$10 million. Using GDP at factor cost = GDP at market prices − indirect taxes + subsidies, GDP at factor cost is",EC$520 million,EC$500 million,EC$400 million,EC$380 million,C,Factor cost removes indirect taxes and adds subsidies: 450 − 60 + 10 = 400.,1,400,EC$ million,"Original classroom item aligned to CAPE Economics syllabus CXC A20/U2/26 (effective for examinations from May–June 2027). Not a CXC past-paper or specimen item. Figures, where used, are fictional."
CE-317,2,Macroeconomics,1,Models of the Macroeconomy,National Income Accounting,2.1.1,Medium,calculation,mcq,"GDP in Harbour Cay is EC$960 million. Net property income from abroad is EC$25 million. Using GNP = GDP + net property income from abroad, GNP is",EC$960 million,EC$985 million,EC$945 million,EC$935 million,B,GNP = 960 + (25) = 985. Net income from abroad makes GNP larger than GDP.,1,985,EC$ million,"Original classroom item aligned to CAPE Economics syllabus CXC A20/U2/26 (effective for examinations from May–June 2027). Not a CXC past-paper or specimen item. Figures, where used, are fictional."
CE-318,2,Macroeconomics,1,Models of the Macroeconomy,National Income Accounting,2.1.1,Medium,calculation,mcq,"GDP in Maren Island is EC$420 million. Net property income from abroad is EC$-15 million. Using GNP = GDP + net property income from abroad, GNP is",EC$375 million,EC$405 million,EC$435 million,EC$420 million,B,GNP = 420 + (-15) = 405. Repatriated profits make GNP smaller than GDP.,1,405,EC$ million,"Original classroom item aligned to CAPE Economics syllabus CXC A20/U2/26 (effective for examinations from May–June 2027). Not a CXC past-paper or specimen item. Figures, where used, are fictional."
CE-319,2,Macroeconomics,1,Models of the Macroeconomy,National Income Accounting,2.1.1,Medium,calculation,mcq,"GDP in Port Clare is EC$1500 million. Net property income from abroad is EC$60 million. Using GNP = GDP + net property income from abroad, GNP is",EC$1500 million,EC$1480 million,EC$1440 million,EC$1560 million,D,GNP = 1500 + (60) = 1560. Net income from abroad makes GNP larger than GDP.,1,1560,EC$ million,"Original classroom item aligned to CAPE Economics syllabus CXC A20/U2/26 (effective for examinations from May–June 2027). Not a CXC past-paper or specimen item. Figures, where used, are fictional."
CE-320,2,Macroeconomics,1,Models of the Macroeconomy,National Income Accounting,2.1.1,Medium,calculation,mcq,"GDP in St Brice is EC$800 million. Net property income from abroad is EC$-40 million. Using GNP = GDP + net property income from abroad, GNP is",EC$760 million,EC$710 million,EC$840 million,EC$800 million,A,GNP = 800 + (-40) = 760. Repatriated profits make GNP smaller than GDP.,1,760,EC$ million,"Original classroom item aligned to CAPE Economics syllabus CXC A20/U2/26 (effective for examinations from May–June 2027). Not a CXC past-paper or specimen item. Figures, where used, are fictional."
CE-321,2,Macroeconomics,1,Models of the Macroeconomy,National Income Accounting,2.1.1,Medium,calculation,mcq,"GDP in Westford is EC$300 million. Net property income from abroad is EC$-20 million. Using GNP = GDP + net property income from abroad, GNP is",EC$260 million,EC$320 million,EC$300 million,EC$280 million,D,GNP = 300 + (-20) = 280. Repatriated profits make GNP smaller than GDP.,1,280,EC$ million,"Original classroom item aligned to CAPE Economics syllabus CXC A20/U2/26 (effective for examinations from May–June 2027). Not a CXC past-paper or specimen item. Figures, where used, are fictional."
CE-322,2,Macroeconomics,1,Models of the Macroeconomy,National Income Accounting,2.1.1,Medium,calculation,mcq,"GNP in Harbour Cay is EC$985 million and depreciation is EC$40 million. In this item, net national income is defined as GNP minus depreciation. Net national income is",EC$985 million,EC$945 million,EC$1025 million,EC$40 million,B,"With the definition given in the stem, net national income = 985 − 40 = 945.",1,945,EC$ million,"Original classroom item aligned to CAPE Economics syllabus CXC A20/U2/26 (effective for examinations from May–June 2027). Not a CXC past-paper or specimen item. Figures, where used, are fictional."
CE-323,2,Macroeconomics,1,Models of the Macroeconomy,National Income Accounting,2.1.1,Medium,calculation,mcq,"GNP in Maren Island is EC$405 million and depreciation is EC$30 million. In this item, net national income is defined as GNP minus depreciation. Net national income is",EC$30 million,EC$375 million,EC$405 million,EC$435 million,B,"With the definition given in the stem, net national income = 405 − 30 = 375.",1,375,EC$ million,"Original classroom item aligned to CAPE Economics syllabus CXC A20/U2/26 (effective for examinations from May–June 2027). Not a CXC past-paper or specimen item. Figures, where used, are fictional."
CE-324,2,Macroeconomics,1,Models of the Macroeconomy,National Income Accounting,2.1.1,Medium,calculation,mcq,"GNP in Port Clare is EC$1560 million and depreciation is EC$80 million. In this item, net national income is defined as GNP minus depreciation. Net national income is",EC$80 million,EC$1480 million,EC$1640 million,EC$1560 million,B,"With the definition given in the stem, net national income = 1560 − 80 = 1480.",1,1480,EC$ million,"Original classroom item aligned to CAPE Economics syllabus CXC A20/U2/26 (effective for examinations from May–June 2027). Not a CXC past-paper or specimen item. Figures, where used, are fictional."
CE-325,2,Macroeconomics,1,Models of the Macroeconomy,National Income Accounting,2.1.1,Medium,calculation,mcq,"GNP in St Brice is EC$760 million and depreciation is EC$50 million. In this item, net national income is defined as GNP minus depreciation. Net national income is",EC$50 million,EC$760 million,EC$710 million,EC$810 million,C,"With the definition given in the stem, net national income = 760 − 50 = 710.",1,710,EC$ million,"Original classroom item aligned to CAPE Economics syllabus CXC A20/U2/26 (effective for examinations from May–June 2027). Not a CXC past-paper or specimen item. Figures, where used, are fictional."
CE-326,2,Macroeconomics,1,Models of the Macroeconomy,National Income Accounting,2.1.1,Medium,calculation,mcq,"GNP in Westford is EC$280 million and depreciation is EC$20 million. In this item, net national income is defined as GNP minus depreciation. Net national income is",EC$260 million,EC$20 million,EC$300 million,EC$280 million,A,"With the definition given in the stem, net national income = 280 − 20 = 260.",1,260,EC$ million,"Original classroom item aligned to CAPE Economics syllabus CXC A20/U2/26 (effective for examinations from May–June 2027). Not a CXC past-paper or specimen item. Figures, where used, are fictional."
CE-327,2,Macroeconomics,1,Models of the Macroeconomy,National Income Accounting,2.1.1,Medium,calculation,mcq,"In Harbour Cay, in EC$ million, consumption is 600, investment is 180, government spending on goods and services is 260, exports are 200 and imports are 240. Using GDP = C + I + G + (X − M), GDP is",EC$1480 million,EC$1000 million,EC$1040 million,EC$1240 million,B,"GDP = 600 + 180 + 260 + (200 − 240) = 1000. Imports are subtracted, not added.",1,1000,EC$ million,"Original classroom item aligned to CAPE Economics syllabus CXC A20/U2/26 (effective for examinations from May–June 2027). Not a CXC past-paper or specimen item. Figures, where used, are fictional."
CE-328,2,Macroeconomics,1,Models of the Macroeconomy,National Income Accounting,2.1.1,Medium,calculation,mcq,"In Maren Island, in EC$ million, consumption is 250, investment is 90, government spending on goods and services is 140, exports are 60 and imports are 40. Using GDP = C + I + G + (X − M), GDP is",EC$500 million,EC$540 million,EC$480 million,EC$580 million,A,"GDP = 250 + 90 + 140 + (60 − 40) = 500. Imports are subtracted, not added.",1,500,EC$ million,"Original classroom item aligned to CAPE Economics syllabus CXC A20/U2/26 (effective for examinations from May–June 2027). Not a CXC past-paper or specimen item. Figures, where used, are fictional."
CE-329,2,Macroeconomics,1,Models of the Macroeconomy,National Income Accounting,2.1.1,Medium,calculation,mcq,"In Port Clare, in EC$ million, consumption is 800, investment is 220, government spending on goods and services is 300, exports are 250 and imports are 170. Using GDP = C + I + G + (X − M), GDP is",EC$1400 million,EC$1740 million,EC$1320 million,EC$1570 million,A,"GDP = 800 + 220 + 300 + (250 − 170) = 1400. Imports are subtracted, not added.",1,1400,EC$ million,"Original classroom item aligned to CAPE Economics syllabus CXC A20/U2/26 (effective for examinations from May–June 2027). Not a CXC past-paper or specimen item. Figures, where used, are fictional."
CE-330,2,Macroeconomics,1,Models of the Macroeconomy,National Income Accounting,2.1.1,Medium,calculation,mcq,"In St Brice, in EC$ million, consumption is 400, investment is 150, government spending on goods and services is 200, exports are 120 and imports are 80. Using GDP = C + I + G + (X − M), GDP is",EC$870 million,EC$750 million,EC$950 million,EC$790 million,D,"GDP = 400 + 150 + 200 + (120 − 80) = 790. Imports are subtracted, not added.",1,790,EC$ million,"Original classroom item aligned to CAPE Economics syllabus CXC A20/U2/26 (effective for examinations from May–June 2027). Not a CXC past-paper or specimen item. Figures, where used, are fictional."
CE-331,2,Macroeconomics,1,Models of the Macroeconomy,National Income Accounting,2.1.1,Medium,calculation,mcq,"In Westford, in EC$ million, consumption is 150, investment is 70, government spending on goods and services is 80, exports are 40 and imports are 30. Using GDP = C + I + G + (X − M), GDP is",EC$300 million,EC$340 million,EC$370 million,EC$310 million,D,"GDP = 150 + 70 + 80 + (40 − 30) = 310. Imports are subtracted, not added.",1,310,EC$ million,"Original classroom item aligned to CAPE Economics syllabus CXC A20/U2/26 (effective for examinations from May–June 2027). Not a CXC past-paper or specimen item. Figures, where used, are fictional."
CE-332,2,Macroeconomics,1,Models of the Macroeconomy,National Income Accounting,2.1.1,Medium,calculation,mcq,"Nominal GDP in Harbour Cay is EC$990 million and the GDP deflator is 110 (base year = 100). Using real GDP = nominal GDP / deflator × 100, real GDP is",EC$900 million,EC$990 million,EC$9 million,EC$1089 million,A,Real GDP = 990 / 110 × 100 = 900. Forgetting to multiply by 100 is a common error.,1,900,EC$ million,"Original classroom item aligned to CAPE Economics syllabus CXC A20/U2/26 (effective for examinations from May–June 2027). Not a CXC past-paper or specimen item. Figures, where used, are fictional."
CE-333,2,Macroeconomics,1,Models of the Macroeconomy,National Income Accounting,2.1.1,Medium,calculation,mcq,"Nominal GDP in Maren Island is EC$600 million and the GDP deflator is 120 (base year = 100). Using real GDP = nominal GDP / deflator × 100, real GDP is",EC$500 million,EC$5 million,EC$600 million,EC$720 million,A,Real GDP = 600 / 120 × 100 = 500. Forgetting to multiply by 100 is a common error.,1,500,EC$ million,"Original classroom item aligned to CAPE Economics syllabus CXC A20/U2/26 (effective for examinations from May–June 2027). Not a CXC past-paper or specimen item. Figures, where used, are fictional."
CE-334,2,Macroeconomics,1,Models of the Macroeconomy,National Income Accounting,2.1.1,Medium,calculation,mcq,"Nominal GDP in Port Clare is EC$1500 million and the GDP deflator is 125 (base year = 100). Using real GDP = nominal GDP / deflator × 100, real GDP is",EC$1500 million,EC$1875 million,EC$1200 million,EC$12 million,C,Real GDP = 1500 / 125 × 100 = 1200. Forgetting to multiply by 100 is a common error.,1,1200,EC$ million,"Original classroom item aligned to CAPE Economics syllabus CXC A20/U2/26 (effective for examinations from May–June 2027). Not a CXC past-paper or specimen item. Figures, where used, are fictional."
CE-335,2,Macroeconomics,1,Models of the Macroeconomy,National Income Accounting,2.1.1,Medium,calculation,mcq,"Nominal GDP in St Brice is EC$840 million and the GDP deflator is 105 (base year = 100). Using real GDP = nominal GDP / deflator × 100, real GDP is",EC$800 million,EC$840 million,EC$882 million,EC$8 million,A,Real GDP = 840 / 105 × 100 = 800. Forgetting to multiply by 100 is a common error.,1,800,EC$ million,"Original classroom item aligned to CAPE Economics syllabus CXC A20/U2/26 (effective for examinations from May–June 2027). Not a CXC past-paper or specimen item. Figures, where used, are fictional."
CE-336,2,Macroeconomics,2,Macroeconomic Problems and Policies,Fiscal Policy,2.2.3,Medium,knowledge,mcq,A structural budget deficit is,a surplus,the part of the deficit caused only by a recession,the national debt,the deficit that would remain even if the economy were at its normal level of output,D,The cyclical deficit appears because revenue falls and benefits rise in a downturn. The structural deficit is the underlying stance of the budget.,1,,,"Original classroom item aligned to CAPE Economics syllabus CXC A20/U2/26 (effective for examinations from May–June 2027). Not a CXC past-paper or specimen item. Figures, where used, are fictional."
CE-337,2,Macroeconomics,2,Macroeconomic Problems and Policies,Fiscal Policy,2.2.3,Medium,knowledge,mcq,Automatic stabilisers are,tax and benefit rules that reduce the amplitude of the business cycle without a new policy decision,discretionary changes announced in each budget,tariffs that change every week by ministerial order,open-market operations,A,"In a boom, income-tax revenue rises and unemployment benefits fall, which withdraws spending. In a slump the opposite happens.",1,,,"Original classroom item aligned to CAPE Economics syllabus CXC A20/U2/26 (effective for examinations from May–June 2027). Not a CXC past-paper or specimen item. Figures, where used, are fictional."
CE-338,2,Macroeconomics,2,Macroeconomic Problems and Policies,Fiscal Policy,2.2.3,Hard,knowledge,mcq,Crowding in occurs when,"public investment raises the profitability of private investment, so private investment rises",public borrowing necessarily cuts private investment one for one at full employment,the money multiplier is 1,taxes are indexed,A,"Roads, ports or a more secure outlook can complement private projects. Crowding out is the opposite interest-rate or resource effect.",1,,,"Original classroom item aligned to CAPE Economics syllabus CXC A20/U2/26 (effective for examinations from May–June 2027). Not a CXC past-paper or specimen item. Figures, where used, are fictional."
CE-339,2,Macroeconomics,2,Macroeconomic Problems and Policies,Fiscal Policy,2.2.3,Easy,knowledge,mcq,Fiscal policy uses,the exchange rate alone,the required reserve ratio only,government spending and taxation,open-market operations only,C,The budget is the fiscal instrument. Monetary policy uses the money supply and interest rates.,1,,,"Original classroom item aligned to CAPE Economics syllabus CXC A20/U2/26 (effective for examinations from May–June 2027). Not a CXC past-paper or specimen item. Figures, where used, are fictional."
CE-340,2,Macroeconomics,2,Macroeconomic Problems and Policies,Fiscal Policy,2.2.3,Medium,application,mcq,A government wants to reduce demand-pull inflation. A suitable fiscal action is,"buying securities on the open market, which is fiscal policy",cutting taxes and raising spending,increasing transfer payments to households by a large amount,raising taxes or cutting government spending,D,Contractionary fiscal policy reduces aggregate demand. Expansion would widen an inflationary gap.,1,,,"Original classroom item aligned to CAPE Economics syllabus CXC A20/U2/26 (effective for examinations from May–June 2027). Not a CXC past-paper or specimen item. Figures, where used, are fictional."
CE-341,2,Macroeconomics,2,Macroeconomic Problems and Policies,Fiscal Policy,2.2.3,Medium,application,mcq,"During a boom, income-tax revenue rises and unemployment benefits fall. This automatic change",raises the multiplier above its recession value,dampens the boom,amplifies the boom,is contractionary monetary policy,B,"The budget moves toward surplus, or a smaller deficit, without anyone voting a new tax. That leakage slows the rise in disposable income.",1,,,"Original classroom item aligned to CAPE Economics syllabus CXC A20/U2/26 (effective for examinations from May–June 2027). Not a CXC past-paper or specimen item. Figures, where used, are fictional."
CE-342,2,Macroeconomics,2,Macroeconomic Problems and Policies,Fiscal Policy,2.2.3,Hard,application,mcq,"Near full employment, a bond-financed rise in government spending is more likely to crowd out private investment if","taxes are cut by the same amount and the balanced-budget multiplier is the only effect considered, with interest rates fixed",the money supply does not rise and the interest rate increases,the economy is in a liquidity trap,there is a deep recession and idle saving,B,"With little spare capacity and a fixed money supply, extra borrowing pushes up interest rates. In a liquidity trap or a deep slump, that channel is weak.",1,,,"Original classroom item aligned to CAPE Economics syllabus CXC A20/U2/26 (effective for examinations from May–June 2027). Not a CXC past-paper or specimen item. Figures, where used, are fictional."
CE-343,2,Macroeconomics,2,Macroeconomic Problems and Policies,Fiscal Policy,2.2.3,Easy,application,mcq,The public-sector borrowing requirement in a year is a,flow,measure of the money multiplier,stock of debt accumulated over all past years,price index,A,Borrowing during a year is a flow. The national debt is the stock that results from past borrowing that has not been repaid.,1,,,"Original classroom item aligned to CAPE Economics syllabus CXC A20/U2/26 (effective for examinations from May–June 2027). Not a CXC past-paper or specimen item. Figures, where used, are fictional."
CE-344,2,Macroeconomics,2,Macroeconomic Problems and Policies,Fiscal Policy,2.2.3,Easy,application,mcq,Which is expansionary fiscal policy?,A rise in income tax rates,A cut in capital spending with no other change,A cut in income tax or a rise in government spending on goods and services,An open-market sale of securities,C,Lower taxes or higher spending raise aggregate demand. Higher taxes or lower spending are contractionary.,1,,,"Original classroom item aligned to CAPE Economics syllabus CXC A20/U2/26 (effective for examinations from May–June 2027). Not a CXC past-paper or specimen item. Figures, where used, are fictional."
CE-345,2,Macroeconomics,2,Macroeconomic Problems and Policies,Fiscal Policy,2.2.3,Medium,application,mcq,Why might fiscal policy act with a lag?,"Tax rates change output on the same morning they are drafted, with no delay",Automatic stabilisers require a new law every month,"It takes time to recognise the problem, pass a budget and spend the money",Government spending is not part of aggregate demand,C,"Recognition, decision and implementation lags mean a stimulus can arrive after the recession has already turned.",1,,,"Original classroom item aligned to CAPE Economics syllabus CXC A20/U2/26 (effective for examinations from May–June 2027). Not a CXC past-paper or specimen item. Figures, where used, are fictional."
CE-346,2,Macroeconomics,2,Macroeconomic Problems and Policies,Fiscal Policy,2.2.3,Medium,calculation,mcq,"The government of Harbour Cay spends EC$420 million on goods and services, pays EC$60 million in transfer payments, and collects EC$400 million in tax revenue. The budget balance, tax revenue minus spending on goods, services and transfers, is",a balanced budget,a deficit of EC$420 million,a deficit of EC$20 million,a deficit of EC$80 million,D,Spending that counts here is 420 + 60 = 480. Balance = 400 − 480 = -80. A negative balance is a deficit.,1,-80,EC$ million (negative means deficit),"Original classroom item aligned to CAPE Economics syllabus CXC A20/U2/26 (effective for examinations from May–June 2027). Not a CXC past-paper or specimen item. Figures, where used, are fictional."
CE-347,2,Macroeconomics,2,Macroeconomic Problems and Policies,Fiscal Policy,2.2.3,Medium,calculation,mcq,"The government of Maren Island spends EC$180 million on goods and services, pays EC$20 million in transfer payments, and collects EC$250 million in tax revenue. The budget balance, tax revenue minus spending on goods, services and transfers, is",a deficit of EC$180 million,a surplus of EC$50 million,a surplus of EC$70 million,a balanced budget,B,Spending that counts here is 180 + 20 = 200. Balance = 250 − 200 = 50. A positive balance is a surplus.,1,50,EC$ million (negative means deficit),"Original classroom item aligned to CAPE Economics syllabus CXC A20/U2/26 (effective for examinations from May–June 2027). Not a CXC past-paper or specimen item. Figures, where used, are fictional."
CE-348,2,Macroeconomics,2,Macroeconomic Problems and Policies,Fiscal Policy,2.2.3,Medium,calculation,mcq,"The government of Port Clare spends EC$500 million on goods and services, pays EC$80 million in transfer payments, and collects EC$500 million in tax revenue. The budget balance, tax revenue minus spending on goods, services and transfers, is",a deficit of EC$80 million,a balanced budget,a deficit of EC$500 million,"a balanced budget if transfers are excluded, and that is the full balance",A,Spending that counts here is 500 + 80 = 580. Balance = 500 − 580 = -80. A negative balance is a deficit.,1,-80,EC$ million (negative means deficit),"Original classroom item aligned to CAPE Economics syllabus CXC A20/U2/26 (effective for examinations from May–June 2027). Not a CXC past-paper or specimen item. Figures, where used, are fictional."
CE-349,2,Macroeconomics,2,Macroeconomic Problems and Policies,Fiscal Policy,2.2.3,Medium,calculation,mcq,"The government of St Brice spends EC$300 million on goods and services, pays EC$40 million in transfer payments, and collects EC$260 million in tax revenue. The budget balance, tax revenue minus spending on goods, services and transfers, is",a deficit of EC$80 million,a deficit of EC$40 million,a deficit of EC$300 million,a balanced budget,A,Spending that counts here is 300 + 40 = 340. Balance = 260 − 340 = -80. A negative balance is a deficit.,1,-80,EC$ million (negative means deficit),"Original classroom item aligned to CAPE Economics syllabus CXC A20/U2/26 (effective for examinations from May–June 2027). Not a CXC past-paper or specimen item. Figures, where used, are fictional."
CE-350,2,Macroeconomics,2,Macroeconomic Problems and Policies,Monetary Theory and Policy,2.2.2,Medium,knowledge,mcq,"A repo, in monetary operations, is","a sale of securities with an agreement to repurchase them, used to manage bank liquidity",a tax on imports,a transfer payment,the same as government spending on a road,A,Repos and reverse repos let the central bank add or withdraw reserves for a short period. The repo rate is a policy interest rate.,1,,,"Original classroom item aligned to CAPE Economics syllabus CXC A20/U2/26 (effective for examinations from May–June 2027). Not a CXC past-paper or specimen item. Figures, where used, are fictional."
CE-351,2,Macroeconomics,2,Macroeconomic Problems and Policies,Monetary Theory and Policy,2.2.2,Medium,knowledge,mcq,"In the quantity theory MV = PY, if velocity is stable and real output is at full employment, a higher money supply","lowers velocity in exact proportion, leaving PY unchanged, by assumption of this case",raises the price level,lowers prices,raises real output in the same proportion and leaves prices unchanged,B,"With V and Y fixed, P must move with M. Keynesians dispute the assumption that V is stable.",1,,,"Original classroom item aligned to CAPE Economics syllabus CXC A20/U2/26 (effective for examinations from May–June 2027). Not a CXC past-paper or specimen item. Figures, where used, are fictional."
CE-352,2,Macroeconomics,2,Macroeconomic Problems and Policies,Monetary Theory and Policy,2.2.2,Easy,knowledge,mcq,"M1, a narrow measure of money, typically includes",shares in every company,currency in circulation and demand deposits,factory buildings,only long-term government bonds,B,Narrow money is the assets used most readily as a means of payment. Broader measures such as M2 add savings and time deposits.,1,,,"Original classroom item aligned to CAPE Economics syllabus CXC A20/U2/26 (effective for examinations from May–June 2027). Not a CXC past-paper or specimen item. Figures, where used, are fictional."
CE-353,2,Macroeconomics,2,Macroeconomic Problems and Policies,Monetary Theory and Policy,2.2.2,Medium,knowledge,mcq,"Moral suasion, as a monetary instrument, means",a tariff,the central bank persuades commercial banks to restrict or expand lending,a legal change in the tax rate,the purchase of goods by the ministry of finance,B,"Suasion is informal pressure rather than a change in reserves or a posted rate. It is one of the instruments listed with open-market operations, reserve ratios and interest rates.",1,,,"Original classroom item aligned to CAPE Economics syllabus CXC A20/U2/26 (effective for examinations from May–June 2027). Not a CXC past-paper or specimen item. Figures, where used, are fictional."
CE-354,2,Macroeconomics,2,Macroeconomic Problems and Policies,Monetary Theory and Policy,2.2.2,Medium,knowledge,mcq,Speculative demand for money is,unrelated to the rate of interest,the same as the demand for capital goods,"perfectly inelastic at every interest rate, in Keynes's basic account",inversely related to the rate of interest,D,"At a high interest rate, bonds are attractive and the opportunity cost of holding money is high, so speculative balances are small. At a low rate, people hold money rather than bonds that may fall in price.",1,,,"Original classroom item aligned to CAPE Economics syllabus CXC A20/U2/26 (effective for examinations from May–June 2027). Not a CXC past-paper or specimen item. Figures, where used, are fictional."
CE-355,2,Macroeconomics,2,Macroeconomic Problems and Policies,Monetary Theory and Policy,2.2.2,Medium,knowledge,mcq,The monetary base is,currency held by the public plus commercial-bank reserves at the central bank,M2 minus currency,the government's external debt,national income,A,"The base, sometimes called high-powered money or M0, is what the banking system multiplies into a larger money supply.",1,,,"Original classroom item aligned to CAPE Economics syllabus CXC A20/U2/26 (effective for examinations from May–June 2027). Not a CXC past-paper or specimen item. Figures, where used, are fictional."
CE-356,2,Macroeconomics,2,Macroeconomic Problems and Policies,Monetary Theory and Policy,2.2.2,Medium,knowledge,mcq,The transactions demand for money rises when,"national income falls, and that is the only influence Keynes allowed",national income rises,prices are zero,"the speculative motive disappears at high interest rates only, with income irrelevant",B,"More income means more spending, so households and firms hold more money for transactions. The speculative demand, by contrast, depends on the interest rate.",1,,,"Original classroom item aligned to CAPE Economics syllabus CXC A20/U2/26 (effective for examinations from May–June 2027). Not a CXC past-paper or specimen item. Figures, where used, are fictional."
CE-357,2,Macroeconomics,2,Macroeconomic Problems and Policies,Monetary Theory and Policy,2.2.2,Easy,knowledge,mcq,Which set lists the four functions of money?,"Medium of exchange, store of value, unit of account and standard of deferred payment","Unit of account, public good, merit good and transfer earnings","Store of value only, with no other function accepted","Medium of exchange, Gini coefficient, terms of trade and tariff",A,"Money is used to buy goods, to hold wealth, to quote prices, and to state debts that are paid later.",1,,,"Original classroom item aligned to CAPE Economics syllabus CXC A20/U2/26 (effective for examinations from May–June 2027). Not a CXC past-paper or specimen item. Figures, where used, are fictional."
CE-358,2,Macroeconomics,2,Macroeconomic Problems and Policies,Monetary Theory and Policy,2.2.2,Medium,application,mcq,An increase in the required reserve ratio is,"expansionary, because the multiplier rises","contractionary, because banks can lend a smaller fraction of deposits",fiscal policy,a cut in taxation,B,"A higher reserve ratio lowers the deposit multiplier and forces banks to hold more reserves, so lending capacity falls.",1,,,"Original classroom item aligned to CAPE Economics syllabus CXC A20/U2/26 (effective for examinations from May–June 2027). Not a CXC past-paper or specimen item. Figures, where used, are fictional."
CE-359,2,Macroeconomics,2,Macroeconomic Problems and Policies,Monetary Theory and Policy,2.2.2,Hard,application,mcq,"If commercial banks keep excess reserves and the public holds more cash, the simple deposit multiplier 1/reserve ratio","understates the expansion, because excess reserves create extra loans",becomes equal to the reserve ratio,overstates the expansion of deposits,is exactly correct with no further assumption,C,The simple multiplier assumes banks lend out everything above required reserves and that the public does not drain cash. Excess reserves and a cash drain both reduce the expansion.,1,,,"Original classroom item aligned to CAPE Economics syllabus CXC A20/U2/26 (effective for examinations from May–June 2027). Not a CXC past-paper or specimen item. Figures, where used, are fictional."
CE-360,2,Macroeconomics,2,Macroeconomic Problems and Policies,Monetary Theory and Policy,2.2.2,Hard,application,mcq,Monetary policy is weak in a liquidity trap because,the multiplier on government spending is zero,open-market operations are a fiscal instrument,"extra money is held rather than spent, and the interest rate does not fall further",reserve ratios cannot be defined,C,"If money demand is perfectly elastic, buying bonds does not reduce the interest rate, so investment does not rise.",1,,,"Original classroom item aligned to CAPE Economics syllabus CXC A20/U2/26 (effective for examinations from May–June 2027). Not a CXC past-paper or specimen item. Figures, where used, are fictional."
CE-361,2,Macroeconomics,2,Macroeconomic Problems and Policies,Monetary Theory and Policy,2.2.2,Medium,application,mcq,The central bank of St Brice buys government securities on the open market. This is,"expansionary monetary policy, because bank reserves and the money supply rise",a price ceiling,"fiscal policy, because taxes change","contractionary, because reserves fall",A,"When the central bank pays for securities, commercial-bank reserves increase. Banks can then expand loans. Selling securities does the opposite.",1,,,"Original classroom item aligned to CAPE Economics syllabus CXC A20/U2/26 (effective for examinations from May–June 2027). Not a CXC past-paper or specimen item. Figures, where used, are fictional."
CE-362,2,Macroeconomics,2,Macroeconomic Problems and Policies,Monetary Theory and Policy,2.2.2,Easy,application,mcq,"The central bank raises its discount rate, or bank rate. This is intended to",devalue the currency by definition,discourage bank borrowing from the central bank and restrain credit,increase the fiscal deficit directly,encourage banks to borrow more and expand credit,B,"A higher penalty rate makes it more expensive for banks to be short of reserves, so they lend more cautiously.",1,,,"Original classroom item aligned to CAPE Economics syllabus CXC A20/U2/26 (effective for examinations from May–June 2027). Not a CXC past-paper or specimen item. Figures, where used, are fictional."
CE-363,2,Macroeconomics,2,Macroeconomic Problems and Policies,Monetary Theory and Policy,2.2.2,Easy,application,mcq,Which is contractionary monetary policy?,The required reserve ratio is cut,The central bank buys securities,The central bank sells securities on the open market,The bank rate is cut,C,"Sales of securities drain reserves. Purchases, a lower reserve ratio and a lower bank rate are expansionary.",1,,,"Original classroom item aligned to CAPE Economics syllabus CXC A20/U2/26 (effective for examinations from May–June 2027). Not a CXC past-paper or specimen item. Figures, where used, are fictional."
CE-364,2,Macroeconomics,2,Macroeconomic Problems and Policies,Monetary Theory and Policy,2.2.2,Hard,calculation,mcq,"A new cash deposit of EC$1000 enters the banks of St Brice. The required reserve ratio is 20 percent. Assume no cash drain and that banks hold no excess reserves. Using the simple deposit multiplier 1/reserve ratio, the maximum total of bank deposits, including the initial deposit, is",EC$4000,EC$800,EC$200,EC$5000,D,The deposit multiplier is 1/0.2 = 5. Maximum deposits including the original deposit are EC$1000 × 5 = EC$5000. New loans alone would be EC$4000; excess reserves on the first deposit are EC$800.,1,5000,EC$,"Original classroom item aligned to CAPE Economics syllabus CXC A20/U2/26 (effective for examinations from May–June 2027). Not a CXC past-paper or specimen item. Figures, where used, are fictional."
CE-365,2,Macroeconomics,2,Macroeconomic Problems and Policies,Monetary Theory and Policy,2.2.2,Hard,calculation,mcq,"A new cash deposit of EC$2000 enters the banks of Maren Island. The required reserve ratio is 10 percent. Assume no cash drain and that banks hold no excess reserves. Using the simple deposit multiplier 1/reserve ratio, the maximum total of bank deposits, including the initial deposit, is",EC$18000,EC$200,EC$20000,EC$1800,C,The deposit multiplier is 1/0.1 = 10. Maximum deposits including the original deposit are EC$2000 × 10 = EC$20000. New loans alone would be EC$18000; excess reserves on the first deposit are EC$1800.,1,20000,EC$,"Original classroom item aligned to CAPE Economics syllabus CXC A20/U2/26 (effective for examinations from May–June 2027). Not a CXC past-paper or specimen item. Figures, where used, are fictional."
CE-366,2,Macroeconomics,2,Macroeconomic Problems and Policies,Monetary Theory and Policy,2.2.2,Hard,calculation,mcq,"A new cash deposit of EC$400 enters the banks of Westford. The required reserve ratio is 12.5 percent. Assume no cash drain and that banks hold no excess reserves. Using the simple deposit multiplier 1/reserve ratio, the maximum total of bank deposits, including the initial deposit, is",EC$50,EC$350,EC$3200,EC$2800,C,The deposit multiplier is 1/0.12 = 8. Maximum deposits including the original deposit are EC$400 × 8 = EC$3200. New loans alone would be EC$2800; excess reserves on the first deposit are EC$350.,1,3200,EC$,"Original classroom item aligned to CAPE Economics syllabus CXC A20/U2/26 (effective for examinations from May–June 2027). Not a CXC past-paper or specimen item. Figures, where used, are fictional."
CE-367,2,Macroeconomics,2,Macroeconomic Problems and Policies,Monetary Theory and Policy,2.2.2,Hard,calculation,mcq,"A new cash deposit of EC$500 enters the banks of Port Clare. The required reserve ratio is 25 percent. Assume no cash drain and that banks hold no excess reserves. Using the simple deposit multiplier 1/reserve ratio, the maximum total of bank deposits, including the initial deposit, is",EC$125,EC$1500,EC$375,EC$2000,D,The deposit multiplier is 1/0.25 = 4. Maximum deposits including the original deposit are EC$500 × 4 = EC$2000. New loans alone would be EC$1500; excess reserves on the first deposit are EC$375.,1,2000,EC$,"Original classroom item aligned to CAPE Economics syllabus CXC A20/U2/26 (effective for examinations from May–June 2027). Not a CXC past-paper or specimen item. Figures, where used, are fictional."
CE-368,2,Macroeconomics,2,Macroeconomic Problems and Policies,Monetary Theory and Policy,2.2.2,Hard,calculation,mcq,"A new cash deposit of EC$800 enters the banks of Harbour Cay. The required reserve ratio is 20 percent. Assume no cash drain and that banks hold no excess reserves. Using the simple deposit multiplier 1/reserve ratio, the maximum total of bank deposits, including the initial deposit, is",EC$4000,EC$3200,EC$160,EC$640,A,The deposit multiplier is 1/0.2 = 5. Maximum deposits including the original deposit are EC$800 × 5 = EC$4000. New loans alone would be EC$3200; excess reserves on the first deposit are EC$640.,1,4000,EC$,"Original classroom item aligned to CAPE Economics syllabus CXC A20/U2/26 (effective for examinations from May–June 2027). Not a CXC past-paper or specimen item. Figures, where used, are fictional."
CE-369,2,Macroeconomics,2,Macroeconomic Problems and Policies,Monetary Theory and Policy,2.2.2,Easy,calculation,mcq,"In Harbour Cay the nominal interest rate is 8 percent and the inflation rate is 3 percent. Using the approximate relation real rate ≈ nominal rate − inflation rate, the real interest rate is",5 percent,11 percent,3 percent,8 percent,A,Approximate real rate = 8 − 3 = 5 percent. Subtract inflation from the nominal rate. Do not add the two rates.,1,5,percent,"Original classroom item aligned to CAPE Economics syllabus CXC A20/U2/26 (effective for examinations from May–June 2027). Not a CXC past-paper or specimen item. Figures, where used, are fictional."
CE-370,2,Macroeconomics,2,Macroeconomic Problems and Policies,Monetary Theory and Policy,2.2.2,Easy,calculation,mcq,"In Maren Island the nominal interest rate is 6 percent and the inflation rate is 2 percent. Using the approximate relation real rate ≈ nominal rate − inflation rate, the real interest rate is",6 percent,2 percent,4 percent,8 percent,C,Approximate real rate = 6 − 2 = 4 percent. Subtract inflation from the nominal rate. Do not add the two rates.,1,4,percent,"Original classroom item aligned to CAPE Economics syllabus CXC A20/U2/26 (effective for examinations from May–June 2027). Not a CXC past-paper or specimen item. Figures, where used, are fictional."
CE-371,2,Macroeconomics,2,Macroeconomic Problems and Policies,Monetary Theory and Policy,2.2.2,Easy,calculation,mcq,"In Port Clare the nominal interest rate is 12 percent and the inflation rate is 7 percent. Using the approximate relation real rate ≈ nominal rate − inflation rate, the real interest rate is",19 percent,12 percent,7 percent,5 percent,D,Approximate real rate = 12 − 7 = 5 percent. Subtract inflation from the nominal rate. Do not add the two rates.,1,5,percent,"Original classroom item aligned to CAPE Economics syllabus CXC A20/U2/26 (effective for examinations from May–June 2027). Not a CXC past-paper or specimen item. Figures, where used, are fictional."
CE-372,2,Macroeconomics,2,Macroeconomic Problems and Policies,Monetary Theory and Policy,2.2.2,Easy,calculation,mcq,"In St Brice the nominal interest rate is 9 percent and the inflation rate is 4 percent. Using the approximate relation real rate ≈ nominal rate − inflation rate, the real interest rate is",13 percent,5 percent,9 percent,4 percent,B,Approximate real rate = 9 − 4 = 5 percent. Subtract inflation from the nominal rate. Do not add the two rates.,1,5,percent,"Original classroom item aligned to CAPE Economics syllabus CXC A20/U2/26 (effective for examinations from May–June 2027). Not a CXC past-paper or specimen item. Figures, where used, are fictional."
CE-373,2,Macroeconomics,2,Macroeconomic Problems and Policies,Monetary Theory and Policy,2.2.2,Easy,calculation,mcq,"In Westford the nominal interest rate is 15 percent and the inflation rate is 5 percent. Using the approximate relation real rate ≈ nominal rate − inflation rate, the real interest rate is",15 percent,5 percent,10 percent,20 percent,C,Approximate real rate = 15 − 5 = 10 percent. Subtract inflation from the nominal rate. Do not add the two rates.,1,10,percent,"Original classroom item aligned to CAPE Economics syllabus CXC A20/U2/26 (effective for examinations from May–June 2027). Not a CXC past-paper or specimen item. Figures, where used, are fictional."
CE-374,2,Macroeconomics,2,Macroeconomic Problems and Policies,Monetary Theory and Policy,2.2.2,Medium,calculation,mcq,"In a Harbour Cay quantity-theory example, the money stock M is 250, velocity V is 4 and the price level P is 2. Using MV = PY, real output Y is",500,1000,2000,125,A,"Y = MV/P = 250 × 4 / 2 = 500. PY is nominal output, so output is found by dividing MV by P.",1,500,real output units,"Original classroom item aligned to CAPE Economics syllabus CXC A20/U2/26 (effective for examinations from May–June 2027). Not a CXC past-paper or specimen item. Figures, where used, are fictional."
CE-375,2,Macroeconomics,2,Macroeconomic Problems and Policies,Monetary Theory and Policy,2.2.2,Medium,calculation,mcq,"In a Maren Island quantity-theory example, the money stock M is 100, velocity V is 8 and the price level P is 4. Using MV = PY, real output Y is",800,3200,200,25,C,"Y = MV/P = 100 × 8 / 4 = 200. PY is nominal output, so output is found by dividing MV by P.",1,200,real output units,"Original classroom item aligned to CAPE Economics syllabus CXC A20/U2/26 (effective for examinations from May–June 2027). Not a CXC past-paper or specimen item. Figures, where used, are fictional."
CE-376,2,Macroeconomics,2,Macroeconomic Problems and Policies,Monetary Theory and Policy,2.2.2,Medium,calculation,mcq,"In a Port Clare quantity-theory example, the money stock M is 500, velocity V is 3 and the price level P is 5. Using MV = PY, real output Y is",7500,100,1500,300,D,"Y = MV/P = 500 × 3 / 5 = 300. PY is nominal output, so output is found by dividing MV by P.",1,300,real output units,"Original classroom item aligned to CAPE Economics syllabus CXC A20/U2/26 (effective for examinations from May–June 2027). Not a CXC past-paper or specimen item. Figures, where used, are fictional."
CE-377,2,Macroeconomics,2,Macroeconomic Problems and Policies,Monetary Theory and Policy,2.2.2,Medium,calculation,mcq,"In a St Brice quantity-theory example, the money stock M is 200, velocity V is 4 and the price level P is 2. Using MV = PY, real output Y is",400,800,1600,100,A,"Y = MV/P = 200 × 4 / 2 = 400. PY is nominal output, so output is found by dividing MV by P.",1,400,real output units,"Original classroom item aligned to CAPE Economics syllabus CXC A20/U2/26 (effective for examinations from May–June 2027). Not a CXC past-paper or specimen item. Figures, where used, are fictional."
CE-378,2,Macroeconomics,2,Macroeconomic Problems and Policies,Monetary Theory and Policy,2.2.2,Medium,calculation,mcq,"In a Westford quantity-theory example, the money stock M is 80, velocity V is 5 and the price level P is 2. Using MV = PY, real output Y is",200,40,400,800,A,"Y = MV/P = 80 × 5 / 2 = 200. PY is nominal output, so output is found by dividing MV by P.",1,200,real output units,"Original classroom item aligned to CAPE Economics syllabus CXC A20/U2/26 (effective for examinations from May–June 2027). Not a CXC past-paper or specimen item. Figures, where used, are fictional."
CE-379,2,Macroeconomics,2,Macroeconomic Problems and Policies,Public Debt,2.2.4,Medium,knowledge,mcq,A high debt-service ratio means,the budget is always in surplus,the terms of trade equal 100 by definition,"exports are larger than debt service, so the ratio is low",a large share of export earnings goes to interest and principal on external debt,D,"Debt service divided by exports shows the foreign-exchange burden. A high ratio leaves less foreign exchange for imports of fuel, food and capital goods.",1,,,"Original classroom item aligned to CAPE Economics syllabus CXC A20/U2/26 (effective for examinations from May–June 2027). Not a CXC past-paper or specimen item. Figures, where used, are fictional."
CE-380,2,Macroeconomics,2,Macroeconomic Problems and Policies,Public Debt,2.2.4,Medium,knowledge,mcq,The burden of the debt on future generations is clearest when,the debt is zero,"debt is external, so future residents must transfer real resources to foreigners",the government prints a stock of money and calls it debt service without any further consequence,"debt is internal, interest is taxed back from the same residents, and there is no other effect",B,"External debt service is a real transfer abroad. Internal debt is mainly a transfer among residents, though taxes that pay the interest can still distort incentives.",1,,,"Original classroom item aligned to CAPE Economics syllabus CXC A20/U2/26 (effective for examinations from May–June 2027). Not a CXC past-paper or specimen item. Figures, where used, are fictional."
CE-381,2,Macroeconomics,2,Macroeconomic Problems and Policies,Public Debt,2.2.4,Easy,knowledge,mcq,The national debt is,this year's tax revenue,the money supply,the stock of government borrowing that has not yet been repaid,the deficit of the current year only,C,A deficit is the flow added during the year. The debt is the accumulated stock.,1,,,"Original classroom item aligned to CAPE Economics syllabus CXC A20/U2/26 (effective for examinations from May–June 2027). Not a CXC past-paper or specimen item. Figures, where used, are fictional."
CE-382,2,Macroeconomics,2,Macroeconomic Problems and Policies,Public Debt,2.2.4,Easy,application,mcq,"A budget deficit this year, financed by borrowing,",is the same statistic as the debt-service ratio,reduces the national debt by the amount of the deficit,"is a stock, not a flow",adds to the national debt,D,"The deficit is new borrowing. Unless it is financed in a way that does not create a liability, the stock of debt rises.",1,,,"Original classroom item aligned to CAPE Economics syllabus CXC A20/U2/26 (effective for examinations from May–June 2027). Not a CXC past-paper or specimen item. Figures, where used, are fictional."
CE-383,2,Macroeconomics,2,Macroeconomic Problems and Policies,Public Debt,2.2.4,Hard,application,mcq,Inflation reduces the real burden of a domestic debt fixed in money terms if,the nominal interest rate does not rise fully with inflation,tax revenue is fixed in nominal terms and spending is indexed,the debt is indexed to the price level and the real interest rate stays constant,the debt is denominated in a foreign currency that appreciates,A,"Unexpected inflation erodes the real value of money debts. If the debt is indexed, or if lenders raise the nominal interest rate fully, that erosion is prevented.",1,,,"Original classroom item aligned to CAPE Economics syllabus CXC A20/U2/26 (effective for examinations from May–June 2027). Not a CXC past-paper or specimen item. Figures, where used, are fictional."
CE-384,2,Macroeconomics,2,Macroeconomic Problems and Policies,Public Debt,2.2.4,Medium,application,mcq,Internal debt differs from external debt because,"interest on internal debt is paid to residents, whereas external debt service uses foreign currency and is paid to non-residents",internal debt has no opportunity cost of any kind,they are both stocks of private company shares,external debt never has to be serviced,A,Internal interest is a transfer inside the country. External service is a leakage of foreign exchange. Both can still displace other public spending.,1,,,"Original classroom item aligned to CAPE Economics syllabus CXC A20/U2/26 (effective for examinations from May–June 2027). Not a CXC past-paper or specimen item. Figures, where used, are fictional."
CE-385,2,Macroeconomics,2,Macroeconomic Problems and Policies,Public Debt,2.2.4,Medium,application,mcq,Refinancing a loan replaces a maturing debt with a new loan. The debt stock,"need not fall, because one liability replaces another",falls to zero automatically,is converted into GDP,becomes a flow,A,Rolling over debt changes its timing or its interest rate. It is not the same as repaying the debt from a surplus.,1,,,"Original classroom item aligned to CAPE Economics syllabus CXC A20/U2/26 (effective for examinations from May–June 2027). Not a CXC past-paper or specimen item. Figures, where used, are fictional."
CE-386,2,Macroeconomics,2,Macroeconomic Problems and Policies,Public Debt,2.2.4,Medium,application,mcq,Which is a way of reducing the burden of an external debt?,"Borrowing more abroad only to pay interest, with exports unchanged, and calling that a fall in the burden",Redefining the debt as internal without repaying the foreign creditors,Ignoring principal repayments,"Earning more foreign exchange through exports, so that the debt-service ratio falls",D,"A larger export base, concessional refinancing, or faster growth of the capacity to pay can reduce the burden. New borrowing that only rolls up interest does not remove it.",1,,,"Original classroom item aligned to CAPE Economics syllabus CXC A20/U2/26 (effective for examinations from May–June 2027). Not a CXC past-paper or specimen item. Figures, where used, are fictional."
CE-387,2,Macroeconomics,2,Macroeconomic Problems and Policies,Public Debt,2.2.4,Medium,calculation,mcq,"In Harbour Cay, external interest payments are EC$40 million and principal repayments are EC$20 million. Exports of goods and services are EC$400 million. The debt-service ratio, (interest + principal repayments) / exports × 100, is",13.64 percent,15 percent,5 percent,10 percent,B,Debt service is 40 + 20 = 60. The ratio is 60/400 × 100 = 15 percent.,1,15,percent of exports,"Original classroom item aligned to CAPE Economics syllabus CXC A20/U2/26 (effective for examinations from May–June 2027). Not a CXC past-paper or specimen item. Figures, where used, are fictional."
CE-388,2,Macroeconomics,2,Macroeconomic Problems and Policies,Public Debt,2.2.4,Medium,calculation,mcq,"In Maren Island, external interest payments are EC$12 million and principal repayments are EC$8 million. Exports of goods and services are EC$80 million. The debt-service ratio, (interest + principal repayments) / exports × 100, is",10 percent,15 percent,21.74 percent,25 percent,D,Debt service is 12 + 8 = 20. The ratio is 20/80 × 100 = 25 percent.,1,25,percent of exports,"Original classroom item aligned to CAPE Economics syllabus CXC A20/U2/26 (effective for examinations from May–June 2027). Not a CXC past-paper or specimen item. Figures, where used, are fictional."
CE-389,2,Macroeconomics,2,Macroeconomic Problems and Policies,Public Debt,2.2.4,Medium,calculation,mcq,"In Port Clare, external interest payments are EC$45 million and principal repayments are EC$15 million. Exports of goods and services are EC$300 million. The debt-service ratio, (interest + principal repayments) / exports × 100, is",17.39 percent,5 percent,15 percent,20 percent,D,Debt service is 45 + 15 = 60. The ratio is 60/300 × 100 = 20 percent.,1,20,percent of exports,"Original classroom item aligned to CAPE Economics syllabus CXC A20/U2/26 (effective for examinations from May–June 2027). Not a CXC past-paper or specimen item. Figures, where used, are fictional."
CE-390,2,Macroeconomics,2,Macroeconomic Problems and Policies,Public Debt,2.2.4,Medium,calculation,mcq,"In St Brice, external interest payments are EC$30 million and principal repayments are EC$20 million. Exports of goods and services are EC$200 million. The debt-service ratio, (interest + principal repayments) / exports × 100, is",25 percent,10 percent,21.74 percent,15 percent,A,Debt service is 30 + 20 = 50. The ratio is 50/200 × 100 = 25 percent.,1,25,percent of exports,"Original classroom item aligned to CAPE Economics syllabus CXC A20/U2/26 (effective for examinations from May–June 2027). Not a CXC past-paper or specimen item. Figures, where used, are fictional."
CE-391,2,Macroeconomics,2,Macroeconomic Problems and Policies,Unemployment and Inflation,2.2.1,Easy,knowledge,mcq,Cost-push inflation can be started by,a rise in consumer spending when there is massive spare capacity and no cost increase,"higher import prices, indirect taxes or wage costs that shift aggregate supply to the left",a fall in oil prices,an increase in potential output,B,Higher costs push the price level up and can reduce real output at the same time.,1,,,"Original classroom item aligned to CAPE Economics syllabus CXC A20/U2/26 (effective for examinations from May–June 2027). Not a CXC past-paper or specimen item. Figures, where used, are fictional."
CE-392,2,Macroeconomics,2,Macroeconomic Problems and Policies,Unemployment and Inflation,2.2.1,Easy,knowledge,mcq,Demand-pull inflation is caused by,a fall in the money supply,a rise in import prices or wages that shifts aggregate supply left,a larger deflationary gap,aggregate demand rising when the economy is near full employment,D,Too much spending chasing limited output pulls prices up. Cost-push inflation comes from the supply side.,1,,,"Original classroom item aligned to CAPE Economics syllabus CXC A20/U2/26 (effective for examinations from May–June 2027). Not a CXC past-paper or specimen item. Figures, where used, are fictional."
CE-393,2,Macroeconomics,2,Macroeconomic Problems and Policies,Unemployment and Inflation,2.2.1,Medium,knowledge,mcq,"Real-wage, or classical, unemployment occurs when",aggregate demand is high and wages are fully flexible downward,the real wage is held above the market-clearing level,workers are between jobs for a week,the harvest ends,B,"If the wage cannot fall, quantity of labour supplied exceeds quantity demanded. That unemployment is not the Keynesian demand-deficient type.",1,,,"Original classroom item aligned to CAPE Economics syllabus CXC A20/U2/26 (effective for examinations from May–June 2027). Not a CXC past-paper or specimen item. Figures, where used, are fictional."
CE-394,2,Macroeconomics,2,Macroeconomic Problems and Policies,Unemployment and Inflation,2.2.1,Hard,knowledge,mcq,Stagflation challenged the simple Phillips curve because,both inflation and unemployment fell to zero,inflation and unemployment rose together,the curve predicted that outcome exactly and policy never changed,money did not exist,B,"A supply shock can raise prices and cut output, so unemployment and inflation increase at the same time. That is not a move along a stable downward-sloping Phillips curve.",1,,,"Original classroom item aligned to CAPE Economics syllabus CXC A20/U2/26 (effective for examinations from May–June 2027). Not a CXC past-paper or specimen item. Figures, where used, are fictional."
CE-395,2,Macroeconomics,2,Macroeconomic Problems and Policies,Unemployment and Inflation,2.2.1,Easy,knowledge,mcq,The labour force is,"the whole population, including young children",the employed plus the unemployed,only people who are not looking for work,the working-age population minus the employed,B,"To be unemployed a person must be out of work and actively seeking work, or otherwise meet the survey definition. Others of working age are outside the labour force.",1,,,"Original classroom item aligned to CAPE Economics syllabus CXC A20/U2/26 (effective for examinations from May–June 2027). Not a CXC past-paper or specimen item. Figures, where used, are fictional."
CE-396,2,Macroeconomics,2,Macroeconomic Problems and Policies,Unemployment and Inflation,2.2.1,Hard,knowledge,mcq,The natural rate of unemployment is closest to,zero by definition,"frictional plus structural unemployment, with no cyclical unemployment",cyclical unemployment only,the whole labour force,B,"Even at 'full' employment, search and mismatch remain. Cyclical unemployment is the part that disappears when demand is strong.",1,,,"Original classroom item aligned to CAPE Economics syllabus CXC A20/U2/26 (effective for examinations from May–June 2027). Not a CXC past-paper or specimen item. Figures, where used, are fictional."
CE-397,2,Macroeconomics,2,Macroeconomic Problems and Policies,Unemployment and Inflation,2.2.1,Medium,knowledge,mcq,The short-run Phillips curve shows,the terms of trade,an inverse relationship between unemployment and wage or price inflation,a positive relationship between unemployment and inflation in every period,the production possibility frontier,B,"Lower unemployment was associated with higher inflation along the original Phillips curve. The relationship is a short-run trade-off, not a law that holds once expectations adjust.",1,,,"Original classroom item aligned to CAPE Economics syllabus CXC A20/U2/26 (effective for examinations from May–June 2027). Not a CXC past-paper or specimen item. Figures, where used, are fictional."
CE-398,2,Macroeconomics,2,Macroeconomic Problems and Policies,Unemployment and Inflation,2.2.1,Medium,knowledge,mcq,Underemployment means,the labour force has shrunk to zero,every worker is frictionally unemployed,the unemployment rate is zero,workers are in jobs that use less skill or fewer hours than they want and can offer,D,A person can be counted as employed and still be underemployed. The unemployment rate misses that slack. It is sometimes called hidden unemployment when people are not in the measured unemployed.,1,,,"Original classroom item aligned to CAPE Economics syllabus CXC A20/U2/26 (effective for examinations from May–June 2027). Not a CXC past-paper or specimen item. Figures, where used, are fictional."
CE-399,2,Macroeconomics,2,Macroeconomic Problems and Policies,Unemployment and Inflation,2.2.1,Easy,application,mcq,A graduate spends six weeks searching for a first job that matches her training. This unemployment is,"seasonal by definition, whatever the month",frictional,cyclical,the result of a deficiency of aggregate demand lasting several years,B,Frictional unemployment is short-term search while moving between jobs or into the labour force. It exists even when there are vacancies.,1,,,"Original classroom item aligned to CAPE Economics syllabus CXC A20/U2/26 (effective for examinations from May–June 2027). Not a CXC past-paper or specimen item. Figures, where used, are fictional."
CE-400,2,Macroeconomics,2,Macroeconomic Problems and Policies,Unemployment and Inflation,2.2.1,Medium,application,mcq,A person who has stopped looking for work after many rejections is a discouraged worker. In the standard measure this person is,in the labour force but not of working age,"unemployed, because they have no job",employed part-time,"outside the labour force, so the unemployment rate does not count them as unemployed",D,"Discouraged workers are not seeking work, so they are not unemployed. The unemployment rate then understates spare labour.",1,,,"Original classroom item aligned to CAPE Economics syllabus CXC A20/U2/26 (effective for examinations from May–June 2027). Not a CXC past-paper or specimen item. Figures, where used, are fictional."
CE-401,2,Macroeconomics,2,Macroeconomic Problems and Policies,Unemployment and Inflation,2.2.1,Medium,application,mcq,A small open island imports most of its fuel. A sharp rise in the world fuel price is most likely to cause,imported cost-push inflation,"a fall in the consumer price index in the same month, because imports are excluded",a deflationary gap with lower prices for sure,perfectly elastic aggregate supply,A,Imported inflation is especially important for Caribbean economies because a large share of consumption and inputs is imported.,1,,,"Original classroom item aligned to CAPE Economics syllabus CXC A20/U2/26 (effective for examinations from May–June 2027). Not a CXC past-paper or specimen item. Figures, where used, are fictional."
CE-402,2,Macroeconomics,2,Macroeconomic Problems and Policies,Unemployment and Inflation,2.2.1,Medium,application,mcq,A sugar factory in St Brice closes and the workers' skills are not wanted in tourism. They remain unemployed for a long period. This is mainly,"a fall in the participation rate only, with the workers still counted as employed",disguised employment,structural unemployment,frictional unemployment lasting a few days,C,Structural unemployment is a mismatch of skills or location after the pattern of demand or technology changes. It is not cured quickly by a general rise in spending.,1,,,"Original classroom item aligned to CAPE Economics syllabus CXC A20/U2/26 (effective for examinations from May–June 2027). Not a CXC past-paper or specimen item. Figures, where used, are fictional."
CE-403,2,Macroeconomics,2,Macroeconomic Problems and Policies,Unemployment and Inflation,2.2.1,Medium,application,mcq,Employment in a fruit-packing plant falls every year after the harvest and recovers next season. This is,seasonal unemployment,imported inflation,structural unemployment caused by a permanent loss of the industry,a liquidity trap,A,"Seasonal unemployment follows a regular calendar pattern in agriculture, tourism or fishing.",1,,,"Original classroom item aligned to CAPE Economics syllabus CXC A20/U2/26 (effective for examinations from May–June 2027). Not a CXC past-paper or specimen item. Figures, where used, are fictional."
CE-404,2,Macroeconomics,2,Macroeconomic Problems and Policies,Unemployment and Inflation,2.2.1,Medium,application,mcq,Hotel workers in Harbour Cay lose their jobs because a recession has cut tourist arrivals. This is mainly,"a change in the season that happens every September by custom, with demand otherwise strong","cyclical, or demand-deficient, unemployment",frictional unemployment caused by normal job search,full employment,B,Cyclical unemployment rises when aggregate demand falls in a downturn and falls when demand recovers.,1,,,"Original classroom item aligned to CAPE Economics syllabus CXC A20/U2/26 (effective for examinations from May–June 2027). Not a CXC past-paper or specimen item. Figures, where used, are fictional."
CE-405,2,Macroeconomics,2,Macroeconomic Problems and Policies,Unemployment and Inflation,2.2.1,Hard,application,mcq,Why might a Caribbean government not rely on a stable Phillips-curve trade-off?,the island has no labour force,inflation is defined as a fall in the price level,unemployment and inflation are the same variable,Imported inflation and supply shocks can raise prices without reducing unemployment,D,"If inflation comes from abroad or from domestic costs, cutting demand to slow prices raises unemployment and may not stop the imported part of inflation quickly.",1,,,"Original classroom item aligned to CAPE Economics syllabus CXC A20/U2/26 (effective for examinations from May–June 2027). Not a CXC past-paper or specimen item. Figures, where used, are fictional."
CE-406,2,Macroeconomics,2,Macroeconomic Problems and Policies,Unemployment and Inflation,2.2.1,Medium,calculation,mcq,"In Harbour Cay the labour force is 70000 and the working-age population is 100000. The labour-force participation rate, labour force ÷ working-age population × 100, is",20 percent,56 percent,30 percent,70 percent,D,Participation = 70000/100000 × 100 = 70 percent. People of working age who are not in the labour force are not counted as unemployed.,1,70,percent,"Original classroom item aligned to CAPE Economics syllabus CXC A20/U2/26 (effective for examinations from May–June 2027). Not a CXC past-paper or specimen item. Figures, where used, are fictional."
CE-407,2,Macroeconomics,2,Macroeconomic Problems and Policies,Unemployment and Inflation,2.2.1,Medium,calculation,mcq,"In Harbour Cay, 56000 people are employed and 14000 are unemployed. The unemployment rate, unemployed ÷ labour force × 100, where the labour force is employed plus unemployed, is",25 percent,14 percent,80 percent,20 percent,D,Labour force = 56000 + 14000 = 70000. Unemployment rate = 14000/70000 × 100 = 20 percent.,1,20,percent,"Original classroom item aligned to CAPE Economics syllabus CXC A20/U2/26 (effective for examinations from May–June 2027). Not a CXC past-paper or specimen item. Figures, where used, are fictional."
CE-408,2,Macroeconomics,2,Macroeconomic Problems and Policies,Unemployment and Inflation,2.2.1,Medium,calculation,mcq,"In Maren Island the labour force is 40000 and the working-age population is 50000. The labour-force participation rate, labour force ÷ working-age population × 100, is",20 percent,80 percent,76 percent,5 percent,B,Participation = 40000/50000 × 100 = 80 percent. People of working age who are not in the labour force are not counted as unemployed.,1,80,percent,"Original classroom item aligned to CAPE Economics syllabus CXC A20/U2/26 (effective for examinations from May–June 2027). Not a CXC past-paper or specimen item. Figures, where used, are fictional."
CE-409,2,Macroeconomics,2,Macroeconomic Problems and Policies,Unemployment and Inflation,2.2.1,Medium,calculation,mcq,"In Maren Island, 38000 people are employed and 2000 are unemployed. The unemployment rate, unemployed ÷ labour force × 100, where the labour force is employed plus unemployed, is",95 percent,4 percent,5 percent,5.26 percent,C,Labour force = 38000 + 2000 = 40000. Unemployment rate = 2000/40000 × 100 = 5 percent.,1,5,percent,"Original classroom item aligned to CAPE Economics syllabus CXC A20/U2/26 (effective for examinations from May–June 2027). Not a CXC past-paper or specimen item. Figures, where used, are fictional."
CE-410,2,Macroeconomics,2,Macroeconomic Problems and Policies,Unemployment and Inflation,2.2.1,Medium,calculation,mcq,"In Port Clare the labour force is 50000 and the working-age population is 80000. The labour-force participation rate, labour force ÷ working-age population × 100, is",10 percent,56.25 percent,62.5 percent,37.5 percent,C,Participation = 50000/80000 × 100 = 62.5 percent. People of working age who are not in the labour force are not counted as unemployed.,1,62.5,percent,"Original classroom item aligned to CAPE Economics syllabus CXC A20/U2/26 (effective for examinations from May–June 2027). Not a CXC past-paper or specimen item. Figures, where used, are fictional."
CE-411,2,Macroeconomics,2,Macroeconomic Problems and Policies,Unemployment and Inflation,2.2.1,Medium,calculation,mcq,"In Port Clare, 45000 people are employed and 5000 are unemployed. The unemployment rate, unemployed ÷ labour force × 100, where the labour force is employed plus unemployed, is",90 percent,10 percent,6.25 percent,11.11 percent,B,Labour force = 45000 + 5000 = 50000. Unemployment rate = 5000/50000 × 100 = 10 percent.,1,10,percent,"Original classroom item aligned to CAPE Economics syllabus CXC A20/U2/26 (effective for examinations from May–June 2027). Not a CXC past-paper or specimen item. Figures, where used, are fictional."
CE-412,2,Macroeconomics,2,Macroeconomic Problems and Policies,Unemployment and Inflation,2.2.1,Medium,calculation,mcq,"In St Brice the labour force is 80000 and the working-age population is 100000. The labour-force participation rate, labour force ÷ working-age population × 100, is",80 percent,20 percent,10 percent,72 percent,A,Participation = 80000/100000 × 100 = 80 percent. People of working age who are not in the labour force are not counted as unemployed.,1,80,percent,"Original classroom item aligned to CAPE Economics syllabus CXC A20/U2/26 (effective for examinations from May–June 2027). Not a CXC past-paper or specimen item. Figures, where used, are fictional."
CE-413,2,Macroeconomics,2,Macroeconomic Problems and Policies,Unemployment and Inflation,2.2.1,Medium,calculation,mcq,"In St Brice, 72000 people are employed and 8000 are unemployed. The unemployment rate, unemployed ÷ labour force × 100, where the labour force is employed plus unemployed, is",10 percent,8 percent,90 percent,11.11 percent,A,Labour force = 72000 + 8000 = 80000. Unemployment rate = 8000/80000 × 100 = 10 percent.,1,10,percent,"Original classroom item aligned to CAPE Economics syllabus CXC A20/U2/26 (effective for examinations from May–June 2027). Not a CXC past-paper or specimen item. Figures, where used, are fictional."
CE-414,2,Macroeconomics,2,Macroeconomic Problems and Policies,Unemployment and Inflation,2.2.1,Medium,calculation,mcq,"In Westford the labour force is 30000 and the working-age population is 40000. The labour-force participation rate, labour force ÷ working-age population × 100, is",25 percent,18 percent,75 percent,61.5 percent,C,Participation = 30000/40000 × 100 = 75 percent. People of working age who are not in the labour force are not counted as unemployed.,1,75,percent,"Original classroom item aligned to CAPE Economics syllabus CXC A20/U2/26 (effective for examinations from May–June 2027). Not a CXC past-paper or specimen item. Figures, where used, are fictional."
CE-415,2,Macroeconomics,2,Macroeconomic Problems and Policies,Unemployment and Inflation,2.2.1,Medium,calculation,mcq,"In Westford, 24600 people are employed and 5400 are unemployed. The unemployment rate, unemployed ÷ labour force × 100, where the labour force is employed plus unemployed, is",13.5 percent,21.95 percent,18 percent,82 percent,C,Labour force = 24600 + 5400 = 30000. Unemployment rate = 5400/30000 × 100 = 18 percent.,1,18,percent,"Original classroom item aligned to CAPE Economics syllabus CXC A20/U2/26 (effective for examinations from May–June 2027). Not a CXC past-paper or specimen item. Figures, where used, are fictional."
CE-416,2,Macroeconomics,2,Macroeconomic Problems and Policies,Unemployment and Inflation,2.2.1,Easy,calculation,mcq,"The consumer price index in Harbour Cay rises from 80 to 96. The inflation rate, (new index − old index) / old index × 100, is",16.67 percent,16 percent,20 percent,1.2 percent,C,"Inflation = (96 − 80) / 80 × 100 = 20 percent. The base of the percentage is the old index, not the new one.",1,20,percent,"Original classroom item aligned to CAPE Economics syllabus CXC A20/U2/26 (effective for examinations from May–June 2027). Not a CXC past-paper or specimen item. Figures, where used, are fictional."
CE-417,2,Macroeconomics,2,Macroeconomic Problems and Policies,Unemployment and Inflation,2.2.1,Easy,calculation,mcq,"The consumer price index in Maren Island rises from 150 to 165. The inflation rate, (new index − old index) / old index × 100, is",1.1 percent,9.09 percent,10 percent,15 percent,C,"Inflation = (165 − 150) / 150 × 100 = 10 percent. The base of the percentage is the old index, not the new one.",1,10,percent,"Original classroom item aligned to CAPE Economics syllabus CXC A20/U2/26 (effective for examinations from May–June 2027). Not a CXC past-paper or specimen item. Figures, where used, are fictional."
CE-418,2,Macroeconomics,2,Macroeconomic Problems and Policies,Unemployment and Inflation,2.2.1,Easy,calculation,mcq,"The consumer price index in Port Clare rises from 125 to 130. The inflation rate, (new index − old index) / old index × 100, is",5 percent,3.85 percent,4 percent,1.04 percent,C,"Inflation = (130 − 125) / 125 × 100 = 4 percent. The base of the percentage is the old index, not the new one.",1,4,percent,"Original classroom item aligned to CAPE Economics syllabus CXC A20/U2/26 (effective for examinations from May–June 2027). Not a CXC past-paper or specimen item. Figures, where used, are fictional."
CE-419,2,Macroeconomics,2,Macroeconomic Problems and Policies,Unemployment and Inflation,2.2.1,Easy,calculation,mcq,"The consumer price index in St Brice rises from 120 to 126. The inflation rate, (new index − old index) / old index × 100, is",4.76 percent,6 percent,1.05 percent,5 percent,D,"Inflation = (126 − 120) / 120 × 100 = 5 percent. The base of the percentage is the old index, not the new one.",1,5,percent,"Original classroom item aligned to CAPE Economics syllabus CXC A20/U2/26 (effective for examinations from May–June 2027). Not a CXC past-paper or specimen item. Figures, where used, are fictional."
CE-420,2,Macroeconomics,2,Macroeconomic Problems and Policies,Unemployment and Inflation,2.2.1,Easy,calculation,mcq,"The consumer price index in Westford rises from 200 to 210. The inflation rate, (new index − old index) / old index × 100, is",1.05 percent,5 percent,10 percent,4.76 percent,B,"Inflation = (210 − 200) / 200 × 100 = 5 percent. The base of the percentage is the old index, not the new one.",1,5,percent,"Original classroom item aligned to CAPE Economics syllabus CXC A20/U2/26 (effective for examinations from May–June 2027). Not a CXC past-paper or specimen item. Figures, where used, are fictional."
CE-421,2,Macroeconomics,3,"Growth, Sustainable Development and Global Relations",Balance of Payments and Exchange Rates,2.3.3,Easy,knowledge,mcq,A managed float means,the rate is reset only by the IMF each morning for every country,the rate is permanently fixed and never changes,the rate is mainly market-determined but the central bank sometimes intervenes,there is no foreign-exchange market,C,"A managed, or dirty, float sits between a pure float and a hard peg.",1,,,"Original classroom item aligned to CAPE Economics syllabus CXC A20/U2/26 (effective for examinations from May–June 2027). Not a CXC past-paper or specimen item. Figures, where used, are fictional."
CE-422,2,Macroeconomics,3,"Growth, Sustainable Development and Global Relations",Balance of Payments and Exchange Rates,2.3.3,Medium,knowledge,mcq,Devaluation is,an official increase in the value of a currency,the same word as appreciation,a market-driven fall in a floating rate,an official reduction in the value of a currency under a fixed exchange rate,D,Depreciation is the market fall under floating rates. Devaluation is the policy step under a peg. Revaluation and appreciation are the upward counterparts.,1,,,"Original classroom item aligned to CAPE Economics syllabus CXC A20/U2/26 (effective for examinations from May–June 2027). Not a CXC past-paper or specimen item. Figures, where used, are fictional."
CE-423,2,Macroeconomics,3,"Growth, Sustainable Development and Global Relations",Balance of Payments and Exchange Rates,2.3.3,Hard,knowledge,mcq,Expenditure-switching policy differs from expenditure-reducing policy because,reducing is a devaluation,both mean a rise in government spending,switching is a cut in the money supply only,"switching tries to move spending toward home goods, while reducing tries to cut total spending and imports",D,"Devaluation or depreciation, and tariffs, are switching instruments. Higher taxes or interest rates that cut absorption are reducing instruments.",1,,,"Original classroom item aligned to CAPE Economics syllabus CXC A20/U2/26 (effective for examinations from May–June 2027). Not a CXC past-paper or specimen item. Figures, where used, are fictional."
CE-424,2,Macroeconomics,3,"Growth, Sustainable Development and Global Relations",Balance of Payments and Exchange Rates,2.3.3,Medium,knowledge,mcq,Foreign direct investment is recorded in,the current account as a good,the terms of trade,"the financial account, not the current account",GDP as a transfer payment,C,"FDI is a capital flow that buys a lasting stake. It is not an export of a good, so it is not a current-account item.",1,,,"Original classroom item aligned to CAPE Economics syllabus CXC A20/U2/26 (effective for examinations from May–June 2027). Not a CXC past-paper or specimen item. Figures, where used, are fictional."
CE-425,2,Macroeconomics,3,"Growth, Sustainable Development and Global Relations",Balance of Payments and Exchange Rates,2.3.3,Hard,knowledge,mcq,The Marshall-Lerner condition says that a devaluation improves the current account if,the country has a fixed quantity of exports and imports that cannot change,both elasticities are zero,the sum of the elasticities is less than 1,the sum of the price elasticities of demand for exports and imports is greater than 1,D,"If quantities hardly respond, the fall in export prices worsens the account. Enough elasticity of demand is needed for volumes to offset that price effect.",1,,,"Original classroom item aligned to CAPE Economics syllabus CXC A20/U2/26 (effective for examinations from May–June 2027). Not a CXC past-paper or specimen item. Figures, where used, are fictional."
CE-426,2,Macroeconomics,3,"Growth, Sustainable Development and Global Relations",Balance of Payments and Exchange Rates,2.3.3,Easy,knowledge,mcq,The current account of the balance of payments includes,"trade in goods, trade in services, primary income and secondary income",only official reserve assets,only foreign direct investment,the national debt stock,A,Goods and services are the trade balance in the broad sense. Primary income covers investment income. Secondary income covers transfers. FDI belongs in the financial account.,1,,,"Original classroom item aligned to CAPE Economics syllabus CXC A20/U2/26 (effective for examinations from May–June 2027). Not a CXC past-paper or specimen item. Figures, where used, are fictional."
CE-427,2,Macroeconomics,3,"Growth, Sustainable Development and Global Relations",Balance of Payments and Exchange Rates,2.3.3,Medium,knowledge,mcq,Under a fixed exchange rate the central bank,buys or sells foreign currency to keep the rate at the peg,lets the rate move to whatever the market sets that day,never uses reserves,sets fiscal policy as its only tool,A,"Defending a peg uses reserves. If the currency is under downward pressure, the bank sells foreign currency and buys its own.",1,,,"Original classroom item aligned to CAPE Economics syllabus CXC A20/U2/26 (effective for examinations from May–June 2027). Not a CXC past-paper or specimen item. Figures, where used, are fictional."
CE-428,2,Macroeconomics,3,"Growth, Sustainable Development and Global Relations",Balance of Payments and Exchange Rates,2.3.3,Medium,application,mcq,An appreciation of the domestic currency tends to,make imports dearer and exports cheaper,"make imports cheaper and can reduce imported inflation, while making exports dearer",raise the foreign-currency price of imports,be called a devaluation,B,A stronger currency buys more foreign goods per unit. Import prices in local currency fall. Exporters find it harder to sell.,1,,,"Original classroom item aligned to CAPE Economics syllabus CXC A20/U2/26 (effective for examinations from May–June 2027). Not a CXC past-paper or specimen item. Figures, where used, are fictional."
CE-429,2,Macroeconomics,3,"Growth, Sustainable Development and Global Relations",Balance of Payments and Exchange Rates,2.3.3,Medium,application,mcq,The EC dollar depreciates under a floating rate. Exports priced in EC dollars become,unchanged in every currency,"cheaper in foreign currency, which can switch spending toward local goods",more expensive in foreign currency,a reason to call the change a revaluation,B,"Foreigners need fewer units of their own currency to buy the exports. That expenditure-switching effect depends on the regime being a float, so the word is depreciation, not devaluation.",1,,,"Original classroom item aligned to CAPE Economics syllabus CXC A20/U2/26 (effective for examinations from May–June 2027). Not a CXC past-paper or specimen item. Figures, where used, are fictional."
CE-430,2,Macroeconomics,3,"Growth, Sustainable Development and Global Relations",Balance of Payments and Exchange Rates,2.3.3,Medium,application,mcq,"Under a floating exchange rate, a rise in demand for a country's exports tends to",require an official devaluation,depreciate its currency,appreciate its currency,leave the rate unchanged because floating rates are fixed by decree,C,"Foreigners need the local currency to buy the exports, so demand for that currency rises and it appreciates if the rate floats.",1,,,"Original classroom item aligned to CAPE Economics syllabus CXC A20/U2/26 (effective for examinations from May–June 2027). Not a CXC past-paper or specimen item. Figures, where used, are fictional."
CE-431,2,Macroeconomics,3,"Growth, Sustainable Development and Global Relations",Balance of Payments and Exchange Rates,2.3.3,Medium,calculation,mcq,The Golden Vale currency price of one US dollar moves from EC$3 to EC$2.4. The EC dollar cost of a US$60 payment changes from EC$180 to,EC$180,EC$144,EC$324,EC$25,B,"Cost = exchange rate × US dollar amount = 2.4 × 60 = EC$144. Fewer EC dollars are needed, so the EC dollar has appreciated against the US dollar if the rate is floating.",1,144,EC$,"Original classroom item aligned to CAPE Economics syllabus CXC A20/U2/26 (effective for examinations from May–June 2027). Not a CXC past-paper or specimen item. Figures, where used, are fictional."
CE-432,2,Macroeconomics,3,"Growth, Sustainable Development and Global Relations",Balance of Payments and Exchange Rates,2.3.3,Medium,calculation,mcq,The Harbour Cay currency price of one US dollar moves from EC$4 to EC$3.2. The EC dollar cost of a US$50 payment changes from EC$200 to,EC$160,EC$15.62,EC$360,EC$200,A,"Cost = exchange rate × US dollar amount = 3.2 × 50 = EC$160. Fewer EC dollars are needed, so the EC dollar has appreciated against the US dollar if the rate is floating.",1,160,EC$,"Original classroom item aligned to CAPE Economics syllabus CXC A20/U2/26 (effective for examinations from May–June 2027). Not a CXC past-paper or specimen item. Figures, where used, are fictional."
CE-433,2,Macroeconomics,3,"Growth, Sustainable Development and Global Relations",Balance of Payments and Exchange Rates,2.3.3,Medium,calculation,mcq,The Maren Island currency price of one US dollar moves from EC$1.35 to EC$1.5. The EC dollar cost of a US$80 payment changes from EC$108 to,EC$108,EC$53.33,EC$120,EC$228,C,"Cost = exchange rate × US dollar amount = 1.5 × 80 = EC$120. More EC dollars are needed, so the EC dollar has depreciated against the US dollar if the rate is floating.",1,120,EC$,"Original classroom item aligned to CAPE Economics syllabus CXC A20/U2/26 (effective for examinations from May–June 2027). Not a CXC past-paper or specimen item. Figures, where used, are fictional."
CE-434,2,Macroeconomics,3,"Growth, Sustainable Development and Global Relations",Balance of Payments and Exchange Rates,2.3.3,Medium,calculation,mcq,The Port Clare currency price of one US dollar moves from EC$2.7 to EC$2.9. The EC dollar cost of a US$200 payment changes from EC$540 to,EC$540,EC$68.97,EC$1120,EC$580,D,"Cost = exchange rate × US dollar amount = 2.9 × 200 = EC$580. More EC dollars are needed, so the EC dollar has depreciated against the US dollar if the rate is floating.",1,580,EC$,"Original classroom item aligned to CAPE Economics syllabus CXC A20/U2/26 (effective for examinations from May–June 2027). Not a CXC past-paper or specimen item. Figures, where used, are fictional."
CE-435,2,Macroeconomics,3,"Growth, Sustainable Development and Global Relations",Balance of Payments and Exchange Rates,2.3.3,Medium,calculation,mcq,The St Brice currency price of one US dollar moves from EC$2.7 to EC$2.5. The EC dollar cost of a US$100 payment changes from EC$270 to,EC$40,EC$520,EC$270,EC$250,D,"Cost = exchange rate × US dollar amount = 2.5 × 100 = EC$250. Fewer EC dollars are needed, so the EC dollar has appreciated against the US dollar if the rate is floating.",1,250,EC$,"Original classroom item aligned to CAPE Economics syllabus CXC A20/U2/26 (effective for examinations from May–June 2027). Not a CXC past-paper or specimen item. Figures, where used, are fictional."
CE-436,2,Macroeconomics,3,"Growth, Sustainable Development and Global Relations",Balance of Payments and Exchange Rates,2.3.3,Medium,calculation,mcq,The Westford currency price of one US dollar moves from EC$2.5 to EC$2.75. The EC dollar cost of a US$40 payment changes from EC$100 to,EC$210,EC$100,EC$110,EC$14.55,C,"Cost = exchange rate × US dollar amount = 2.75 × 40 = EC$110. More EC dollars are needed, so the EC dollar has depreciated against the US dollar if the rate is floating.",1,110,EC$,"Original classroom item aligned to CAPE Economics syllabus CXC A20/U2/26 (effective for examinations from May–June 2027). Not a CXC past-paper or specimen item. Figures, where used, are fictional."
CE-437,2,Macroeconomics,3,"Growth, Sustainable Development and Global Relations",Balance of Payments and Exchange Rates,2.3.3,Medium,calculation,mcq,"The current account of Golden Vale, in EC$ million, has a goods balance of 5, a services balance of -12, primary income of -3 and secondary income of 2. The current-account balance, the sum of those four components, is",EC$-8 million,EC$-7 million,EC$5 million,EC$8 million,A,Current account = 5 + (-12) + (-3) + (2) = -8. A negative result is a current-account deficit.,1,-8,EC$ million,"Original classroom item aligned to CAPE Economics syllabus CXC A20/U2/26 (effective for examinations from May–June 2027). Not a CXC past-paper or specimen item. Figures, where used, are fictional."
CE-438,2,Macroeconomics,3,"Growth, Sustainable Development and Global Relations",Balance of Payments and Exchange Rates,2.3.3,Medium,calculation,mcq,"The current account of Harbour Cay, in EC$ million, has a goods balance of 10, a services balance of 10, primary income of -4 and secondary income of -2. The current-account balance, the sum of those four components, is",EC$10 million,EC$20 million,EC$-10 million,EC$14 million,D,Current account = 10 + (10) + (-4) + (-2) = 14. A negative result is a current-account deficit.,1,14,EC$ million,"Original classroom item aligned to CAPE Economics syllabus CXC A20/U2/26 (effective for examinations from May–June 2027). Not a CXC past-paper or specimen item. Figures, where used, are fictional."
CE-439,2,Macroeconomics,3,"Growth, Sustainable Development and Global Relations",Balance of Payments and Exchange Rates,2.3.3,Medium,calculation,mcq,"The current account of Maren Island, in EC$ million, has a goods balance of -15, a services balance of 30, primary income of -8 and secondary income of 3. The current-account balance, the sum of those four components, is",EC$-5 million,EC$20 million,EC$10 million,EC$15 million,C,Current account = -15 + (30) + (-8) + (3) = 10. A negative result is a current-account deficit.,1,10,EC$ million,"Original classroom item aligned to CAPE Economics syllabus CXC A20/U2/26 (effective for examinations from May–June 2027). Not a CXC past-paper or specimen item. Figures, where used, are fictional."
CE-440,2,Macroeconomics,3,"Growth, Sustainable Development and Global Relations",Balance of Payments and Exchange Rates,2.3.3,Medium,calculation,mcq,"The current account of Port Clare, in EC$ million, has a goods balance of 20, a services balance of -5, primary income of 4 and secondary income of -6. The current-account balance, the sum of those four components, is",EC$13 million,EC$15 million,EC$-20 million,EC$20 million,A,Current account = 20 + (-5) + (4) + (-6) = 13. A negative result is a current-account deficit.,1,13,EC$ million,"Original classroom item aligned to CAPE Economics syllabus CXC A20/U2/26 (effective for examinations from May–June 2027). Not a CXC past-paper or specimen item. Figures, where used, are fictional."
CE-441,2,Macroeconomics,3,"Growth, Sustainable Development and Global Relations",Balance of Payments and Exchange Rates,2.3.3,Medium,calculation,mcq,"The current account of St Brice, in EC$ million, has a goods balance of -40, a services balance of 15, primary income of -10 and secondary income of 8. The current-account balance, the sum of those four components, is",EC$-27 million,EC$27 million,EC$-40 million,EC$-25 million,A,Current account = -40 + (15) + (-10) + (8) = -27. A negative result is a current-account deficit.,1,-27,EC$ million,"Original classroom item aligned to CAPE Economics syllabus CXC A20/U2/26 (effective for examinations from May–June 2027). Not a CXC past-paper or specimen item. Figures, where used, are fictional."
CE-442,2,Macroeconomics,3,"Growth, Sustainable Development and Global Relations",Balance of Payments and Exchange Rates,2.3.3,Medium,calculation,mcq,"The current account of Westford, in EC$ million, has a goods balance of -60, a services balance of 25, primary income of 5 and secondary income of 10. The current-account balance, the sum of those four components, is",EC$-60 million,EC$-35 million,EC$20 million,EC$-20 million,D,Current account = -60 + (25) + (5) + (10) = -20. A negative result is a current-account deficit.,1,-20,EC$ million,"Original classroom item aligned to CAPE Economics syllabus CXC A20/U2/26 (effective for examinations from May–June 2027). Not a CXC past-paper or specimen item. Figures, where used, are fictional."
CE-443,2,Macroeconomics,3,"Growth, Sustainable Development and Global Relations",Economic Integration,2.3.4,Medium,knowledge,mcq,A common market goes beyond a customs union by allowing,free movement of factors of production among members,each member to set a different external tariff,no movement of goods,"only free movement of goods, with labour and capital still blocked",A,"Goods, services, labour and capital can move. An economic union goes further and harmonises economic policy.",1,,,"Original classroom item aligned to CAPE Economics syllabus CXC A20/U2/26 (effective for examinations from May–June 2027). Not a CXC past-paper or specimen item. Figures, where used, are fictional."
CE-444,2,Macroeconomics,3,"Growth, Sustainable Development and Global Relations",Economic Integration,2.3.4,Easy,knowledge,mcq,A customs union is a free-trade area plus,political union only,a common external tariff,no rules on trade with outsiders,"a common currency and a single central bank, and nothing less",B,Members liberalise trade among themselves and apply the same tariff to the rest of the world.,1,,,"Original classroom item aligned to CAPE Economics syllabus CXC A20/U2/26 (effective for examinations from May–June 2027). Not a CXC past-paper or specimen item. Figures, where used, are fictional."
CE-445,2,Macroeconomics,3,"Growth, Sustainable Development and Global Relations",Economic Integration,2.3.4,Easy,knowledge,mcq,A free-trade area removes tariffs among members and,requires free movement of labour and a common fiscal policy,requires a single currency,requires a common external tariff,lets each member keep its own tariff against non-members,D,The absence of a common external tariff is what separates a free-trade area from a customs union.,1,,,"Original classroom item aligned to CAPE Economics syllabus CXC A20/U2/26 (effective for examinations from May–June 2027). Not a CXC past-paper or specimen item. Figures, where used, are fictional."
CE-446,2,Macroeconomics,3,"Growth, Sustainable Development and Global Relations",Economic Integration,2.3.4,Medium,knowledge,mcq,"An economic union typically adds, beyond a common market,",the abolition of the common external tariff,"harmonised economic policies, and sometimes a common currency",a ban on factor movement,a return to internal tariffs,B,"Policy coordination is the extra step. A monetary union, with one currency, is a deeper form.",1,,,"Original classroom item aligned to CAPE Economics syllabus CXC A20/U2/26 (effective for examinations from May–June 2027). Not a CXC past-paper or specimen item. Figures, where used, are fictional."
CE-447,2,Macroeconomics,3,"Growth, Sustainable Development and Global Relations",Economic Integration,2.3.4,Medium,knowledge,mcq,The CARICOM Single Market and Economy is intended to,be a monetary instrument of a single parish council,set the world price of oil,"deepen integration among members, including freer movement of goods, services, capital and skills",replace CARICOM with a free-trade area that keeps barriers to factor movement as its goal,C,"CSME is the deepening of CARICOM beyond a simple trade preference, toward a single market. It is not itself a world-trade institution.",1,,,"Original classroom item aligned to CAPE Economics syllabus CXC A20/U2/26 (effective for examinations from May–June 2027). Not a CXC past-paper or specimen item. Figures, where used, are fictional."
CE-448,2,Macroeconomics,3,"Growth, Sustainable Development and Global Relations",Economic Integration,2.3.4,Medium,knowledge,mcq,Trade creation in a customs union is,the replacement of higher-cost domestic production by lower-cost imports from a partner,a tariff on partners,a fall in exports to zero,the replacement of lower-cost imports from outside the union by higher-cost partner imports,A,"Trade creation is a gain. Trade diversion, the shift from a cheaper non-member to a dearer member because of the common external tariff, is a possible loss.",1,,,"Original classroom item aligned to CAPE Economics syllabus CXC A20/U2/26 (effective for examinations from May–June 2027). Not a CXC past-paper or specimen item. Figures, where used, are fictional."
CE-449,2,Macroeconomics,3,"Growth, Sustainable Development and Global Relations",Economic Integration,2.3.4,Hard,application,mcq,A small member of a customs union may lose if,trade creation is the only effect and partner costs are lower,the common external tariff is zero on a good it already imported freely from the partner,it specialises according to comparative advantage inside a free-trade area with no diversion,trade diversion outweighs trade creation,D,"The welfare effect of joining is the balance of creation and diversion, plus any scale or terms-of-trade effects. Diversion can dominate.",1,,,"Original classroom item aligned to CAPE Economics syllabus CXC A20/U2/26 (effective for examinations from May–June 2027). Not a CXC past-paper or specimen item. Figures, where used, are fictional."
CE-450,2,Macroeconomics,3,"Growth, Sustainable Development and Global Relations",Economic Integration,2.3.4,Hard,application,mcq,"Before a customs union, St Brice imported cement from the cheapest world supplier. After the union it buys dearer cement from a partner because the common external tariff shuts out the world supplier. This is",trade diversion,a free-trade area with no external tariff,absolute advantage,trade creation,A,The union has diverted trade from a lower-cost outsider to a higher-cost insider. That is trade diversion.,1,,,"Original classroom item aligned to CAPE Economics syllabus CXC A20/U2/26 (effective for examinations from May–June 2027). Not a CXC past-paper or specimen item. Figures, where used, are fictional."
CE-451,2,Macroeconomics,3,"Growth, Sustainable Development and Global Relations",Economic Integration,2.3.4,Medium,application,mcq,Which sequence moves from shallower to deeper integration?,"Economic union, free-trade area, autarky","Common market, then a free-trade area that reintroduces internal tariffs as a deepening","Customs union, then separate external tariffs as a deepening","Free-trade area, customs union, common market, economic union",D,"Each step adds a commitment: a common external tariff, then factor mobility, then policy harmonisation.",1,,,"Original classroom item aligned to CAPE Economics syllabus CXC A20/U2/26 (effective for examinations from May–June 2027). Not a CXC past-paper or specimen item. Figures, where used, are fictional."
CE-452,2,Macroeconomics,3,"Growth, Sustainable Development and Global Relations",Growth and Sustainable Development,2.3.1,Medium,knowledge,mcq,Brain drain is,the import of unskilled labour only,the emigration of skilled workers,a surplus on the capital account,a rise in the domestic birth rate of graduates,B,"When trained workers leave, the sending country loses human capital. Remittances are a partial offset, not a full replacement for the lost skills.",1,,,"Original classroom item aligned to CAPE Economics syllabus CXC A20/U2/26 (effective for examinations from May–June 2027). Not a CXC past-paper or specimen item. Figures, where used, are fictional."
CE-453,2,Macroeconomics,3,"Growth, Sustainable Development and Global Relations",Growth and Sustainable Development,2.3.1,Easy,knowledge,mcq,Economic development is broader than growth because it includes,only the rise in nominal GDP,a higher Gini coefficient by definition,only the inflation rate,"improvements in living standards, such as health and education, and changes in the structure of the economy",D,"A country can grow and still fail to develop if health, schooling and the quality of jobs do not improve.",1,,,"Original classroom item aligned to CAPE Economics syllabus CXC A20/U2/26 (effective for examinations from May–June 2027). Not a CXC past-paper or specimen item. Figures, where used, are fictional."
CE-454,2,Macroeconomics,3,"Growth, Sustainable Development and Global Relations",Growth and Sustainable Development,2.3.1,Easy,knowledge,mcq,Economic growth means,a more equal distribution of a fixed output,any rise in the price level,an increase in real national output over time,a fall in real GDP,C,"Growth is a quantity concept, usually measured by the percentage change in real GDP. It is not the same as development.",1,,,"Original classroom item aligned to CAPE Economics syllabus CXC A20/U2/26 (effective for examinations from May–June 2027). Not a CXC past-paper or specimen item. Figures, where used, are fictional."
CE-455,2,Macroeconomics,3,"Growth, Sustainable Development and Global Relations",Growth and Sustainable Development,2.3.1,Hard,knowledge,mcq,"Measurable Economic Welfare, as named in this syllabus, is best understood as",the same statistic as the Gini coefficient,the debt-service ratio,nominal GDP with no adjustment,an adjustment of a national-income measure for welfare-relevant items such as leisure and environmental costs,D,The syllabus uses Measurable Economic Welfare for a welfare-adjusted view of national income. Students are not required to compute the adjustment.,1,,,"Original classroom item aligned to CAPE Economics syllabus CXC A20/U2/26 (effective for examinations from May–June 2027). Not a CXC past-paper or specimen item. Figures, where used, are fictional."
CE-456,2,Macroeconomics,3,"Growth, Sustainable Development and Global Relations",Growth and Sustainable Development,2.3.1,Medium,knowledge,mcq,Sustainable development means meeting present needs,only by maximising this year's nominal GDP,by using up natural resources as fast as possible,without any reference to the environment,without compromising the ability of future generations to meet their needs,D,The standard definition requires the path of development to be one that future generations can continue.,1,,,"Original classroom item aligned to CAPE Economics syllabus CXC A20/U2/26 (effective for examinations from May–June 2027). Not a CXC past-paper or specimen item. Figures, where used, are fictional."
CE-457,2,Macroeconomics,3,"Growth, Sustainable Development and Global Relations",Growth and Sustainable Development,2.3.1,Medium,knowledge,mcq,The Human Development Index combines indicators of,"inflation, unemployment and the budget deficit only","exports, imports and the exchange rate only","health, education and living standards",the four-firm concentration ratio,C,HDI is not GDP alone. A country can rank higher in income than in human development if health or schooling lags. Calculation of the index is not required.,1,,,"Original classroom item aligned to CAPE Economics syllabus CXC A20/U2/26 (effective for examinations from May–June 2027). Not a CXC past-paper or specimen item. Figures, where used, are fictional."
CE-458,2,Macroeconomics,3,"Growth, Sustainable Development and Global Relations",Growth and Sustainable Development,2.3.1,Medium,application,mcq,A country has high GDP per capita but short schooling and poor health indicators. Its HDI rank is likely to be,"identical to its income rank, because HDI is GDP","undefined, because education is not in the index",improved by the poor health indicators,weaker than its income rank,D,HDI averages income with health and education. Weak social indicators pull the index down relative to income alone.,1,,,"Original classroom item aligned to CAPE Economics syllabus CXC A20/U2/26 (effective for examinations from May–June 2027). Not a CXC past-paper or specimen item. Figures, where used, are fictional."
CE-459,2,Macroeconomics,3,"Growth, Sustainable Development and Global Relations",Growth and Sustainable Development,2.3.1,Hard,application,mcq,Growth that destroys a coral reef used by a tourism industry may fail the test of sustainable development because,environmental costs raise Measurable Economic Welfare automatically,tourism is not part of GDP,future income from the reef is sacrificed for a present gain,any rise in real GDP is sustainable by definition,C,Sustainability asks whether the activity can continue. Damaging the natural asset that future output depends on fails that test.,1,,,"Original classroom item aligned to CAPE Economics syllabus CXC A20/U2/26 (effective for examinations from May–June 2027). Not a CXC past-paper or specimen item. Figures, where used, are fictional."
CE-460,2,Macroeconomics,3,"Growth, Sustainable Development and Global Relations",Growth and Sustainable Development,2.3.1,Easy,application,mcq,Which is a source of economic growth?,Counting transfer payments as investment,A larger current-account deficit with no change in productive capacity,An increase in the capital stock or an improvement in technology,A rise in the price level with quantities unchanged,C,"Growth of potential output comes from more or better factors and from technical progress, not from inflation.",1,,,"Original classroom item aligned to CAPE Economics syllabus CXC A20/U2/26 (effective for examinations from May–June 2027). Not a CXC past-paper or specimen item. Figures, where used, are fictional."
CE-461,2,Macroeconomics,3,"Growth, Sustainable Development and Global Relations",Growth and Sustainable Development,2.3.1,Medium,application,mcq,Which is a structural feature of many small island developing states?,Perfect diversification of exports by definition,A large internal market that makes trade unimportant,No need for foreign exchange,A narrow export base and high exposure to hurricanes and world prices,D,"Small populations, limited land, openness and natural hazards make output and export earnings volatile.",1,,,"Original classroom item aligned to CAPE Economics syllabus CXC A20/U2/26 (effective for examinations from May–June 2027). Not a CXC past-paper or specimen item. Figures, where used, are fictional."
CE-462,2,Macroeconomics,3,"Growth, Sustainable Development and Global Relations",Growth and Sustainable Development,2.3.1,Easy,calculation,mcq,"Real GDP in Golden Vale rises from EC$360 million to EC$396 million. The growth rate, (new real GDP − old real GDP) / old real GDP × 100, is",36 percent,1.1 percent,10 percent,9.09 percent,C,"Growth = (396 − 360) / 360 × 100 = 10 percent. This is a growth rate of real output, not by itself a measure of development.",1,10,percent,"Original classroom item aligned to CAPE Economics syllabus CXC A20/U2/26 (effective for examinations from May–June 2027). Not a CXC past-paper or specimen item. Figures, where used, are fictional."
CE-463,2,Macroeconomics,3,"Growth, Sustainable Development and Global Relations",Growth and Sustainable Development,2.3.1,Easy,calculation,mcq,"Real GDP in Harbour Cay rises from EC$500 million to EC$530 million. The growth rate, (new real GDP − old real GDP) / old real GDP × 100, is",6 percent,1.06 percent,30 percent,5.66 percent,A,"Growth = (530 − 500) / 500 × 100 = 6 percent. This is a growth rate of real output, not by itself a measure of development.",1,6,percent,"Original classroom item aligned to CAPE Economics syllabus CXC A20/U2/26 (effective for examinations from May–June 2027). Not a CXC past-paper or specimen item. Figures, where used, are fictional."
CE-464,2,Macroeconomics,3,"Growth, Sustainable Development and Global Relations",Growth and Sustainable Development,2.3.1,Easy,calculation,mcq,"Real GDP in Maren Island rises from EC$800 million to EC$840 million. The growth rate, (new real GDP − old real GDP) / old real GDP × 100, is",40 percent,4.76 percent,5 percent,1.05 percent,C,"Growth = (840 − 800) / 800 × 100 = 5 percent. This is a growth rate of real output, not by itself a measure of development.",1,5,percent,"Original classroom item aligned to CAPE Economics syllabus CXC A20/U2/26 (effective for examinations from May–June 2027). Not a CXC past-paper or specimen item. Figures, where used, are fictional."
CE-465,2,Macroeconomics,3,"Growth, Sustainable Development and Global Relations",Growth and Sustainable Development,2.3.1,Easy,calculation,mcq,"Real GDP in Port Clare rises from EC$250 million to EC$275 million. The growth rate, (new real GDP − old real GDP) / old real GDP × 100, is",10 percent,25 percent,9.09 percent,1.1 percent,A,"Growth = (275 − 250) / 250 × 100 = 10 percent. This is a growth rate of real output, not by itself a measure of development.",1,10,percent,"Original classroom item aligned to CAPE Economics syllabus CXC A20/U2/26 (effective for examinations from May–June 2027). Not a CXC past-paper or specimen item. Figures, where used, are fictional."
CE-466,2,Macroeconomics,3,"Growth, Sustainable Development and Global Relations",Growth and Sustainable Development,2.3.1,Easy,calculation,mcq,"Real GDP in St Brice rises from EC$400 million to EC$420 million. The growth rate, (new real GDP − old real GDP) / old real GDP × 100, is",20 percent,5 percent,4.76 percent,1.05 percent,B,"Growth = (420 − 400) / 400 × 100 = 5 percent. This is a growth rate of real output, not by itself a measure of development.",1,5,percent,"Original classroom item aligned to CAPE Economics syllabus CXC A20/U2/26 (effective for examinations from May–June 2027). Not a CXC past-paper or specimen item. Figures, where used, are fictional."
CE-467,2,Macroeconomics,3,"Growth, Sustainable Development and Global Relations",Growth and Sustainable Development,2.3.1,Easy,calculation,mcq,"Real GDP in Westford rises from EC$1000 million to EC$1040 million. The growth rate, (new real GDP − old real GDP) / old real GDP × 100, is",40 percent,3.85 percent,4 percent,1.04 percent,C,"Growth = (1040 − 1000) / 1000 × 100 = 4 percent. This is a growth rate of real output, not by itself a measure of development.",1,4,percent,"Original classroom item aligned to CAPE Economics syllabus CXC A20/U2/26 (effective for examinations from May–June 2027). Not a CXC past-paper or specimen item. Figures, where used, are fictional."
CE-468,2,Macroeconomics,3,"Growth, Sustainable Development and Global Relations",International Economic Relations,2.3.5,Medium,knowledge,mcq,Foreign direct investment is distinguished from portfolio investment because FDI,is recorded entirely on the current account,involves a lasting interest and a voice in management,is a short-term holding of bonds or shares with no control,cannot repatriate profit,B,"Portfolio investment does not seek control. A lasting stake with influence over the enterprise is FDI, even though both are financial flows.",1,,,"Original classroom item aligned to CAPE Economics syllabus CXC A20/U2/26 (effective for examinations from May–June 2027). Not a CXC past-paper or specimen item. Figures, where used, are fictional."
CE-469,2,Macroeconomics,3,"Growth, Sustainable Development and Global Relations",International Economic Relations,2.3.5,Medium,knowledge,mcq,Globalisation refers to,"closer integration of economies through trade, capital, technology and sometimes labour",a fall in all cross-border flows by definition,a policy of complete self-sufficiency,the closure of the WTO,A,"Globalisation is the process, not a single institution. It covers goods, services, finance and ideas.",1,,,"Original classroom item aligned to CAPE Economics syllabus CXC A20/U2/26 (effective for examinations from May–June 2027). Not a CXC past-paper or specimen item. Figures, where used, are fictional."
CE-470,2,Macroeconomics,3,"Growth, Sustainable Development and Global Relations",International Economic Relations,2.3.5,Easy,knowledge,mcq,The Caribbean Development Bank is,the central bank of every Caribbean country,a regional development bank that lends to Caribbean borrowing members,a committee of the WTO,a private commercial bank with no development mandate,B,"The CDB is the regional counterpart, focused on Caribbean development finance, not a global trade or monetary institution.",1,,,"Original classroom item aligned to CAPE Economics syllabus CXC A20/U2/26 (effective for examinations from May–June 2027). Not a CXC past-paper or specimen item. Figures, where used, are fictional."
CE-471,2,Macroeconomics,3,"Growth, Sustainable Development and Global Relations",International Economic Relations,2.3.5,Easy,knowledge,mcq,The International Monetary Fund mainly provides,commercial bank deposits for households,a forum whose main product is a cut in tariffs negotiated as trade rounds,short-term balance-of-payments support and surveillance of macroeconomic policy,"long-term finance for a harbour, as its primary role",C,IMF resources are for external financing problems and are often tied to policy conditions. They are not the World Bank's project loans.,1,,,"Original classroom item aligned to CAPE Economics syllabus CXC A20/U2/26 (effective for examinations from May–June 2027). Not a CXC past-paper or specimen item. Figures, where used, are fictional."
CE-472,2,Macroeconomics,3,"Growth, Sustainable Development and Global Relations",International Economic Relations,2.3.5,Easy,knowledge,mcq,The World Bank's primary role is,day-to-day pegging of a floating exchange rate,acting as a country's commercial bank for household deposits,long-term lending for development,setting tariff bindings among all members,C,The World Bank group lends and advises for development projects and programmes. It is not the WTO and not the IMF.,1,,,"Original classroom item aligned to CAPE Economics syllabus CXC A20/U2/26 (effective for examinations from May–June 2027). Not a CXC past-paper or specimen item. Figures, where used, are fictional."
CE-473,2,Macroeconomics,3,"Growth, Sustainable Development and Global Relations",International Economic Relations,2.3.5,Easy,knowledge,mcq,The World Trade Organization is mainly concerned with,the note issue of a single Caribbean state,long-term project lending for development,rules for international trade and the settlement of trade disputes,short-term loans to countries with a balance-of-payments crisis,C,The WTO is the trade-rules body. The IMF deals with balance-of-payments finance and surveillance. The World Bank finances development.,1,,,"Original classroom item aligned to CAPE Economics syllabus CXC A20/U2/26 (effective for examinations from May–June 2027). Not a CXC past-paper or specimen item. Figures, where used, are fictional."
CE-474,2,Macroeconomics,3,"Growth, Sustainable Development and Global Relations",International Economic Relations,2.3.5,Medium,application,mcq,"A foreign firm buys a 5-day treasury bill and sells it the next week, with no role in any local company. This is",a current-account export of goods,"portfolio investment, not foreign direct investment","foreign direct investment, because every financial flow is FDI",a tariff,B,There is no lasting control. Treating portfolio flows as FDI would misclassify the financial account.,1,,,"Original classroom item aligned to CAPE Economics syllabus CXC A20/U2/26 (effective for examinations from May–June 2027). Not a CXC past-paper or specimen item. Figures, where used, are fictional."
CE-475,2,Macroeconomics,3,"Growth, Sustainable Development and Global Relations",International Economic Relations,2.3.5,Medium,application,mcq,A possible benefit of globalisation for a small Caribbean economy is,the guaranteed disappearance of all external shocks,the end of any need for foreign exchange,automatic equality of income,wider markets and access to foreign capital and technology,D,Openness can raise demand for local exports and bring in investment. It does not remove vulnerability to world prices or storms.,1,,,"Original classroom item aligned to CAPE Economics syllabus CXC A20/U2/26 (effective for examinations from May–June 2027). Not a CXC past-paper or specimen item. Figures, where used, are fictional."
CE-476,2,Macroeconomics,3,"Growth, Sustainable Development and Global Relations",International Economic Relations,2.3.5,Hard,application,mcq,A possible cost of globalisation for a small open economy is,greater exposure to external shocks and to footloose capital,an automatic improvement in the terms of trade every year,"a smaller market for every export, by definition",the inability to import goods that the country cannot produce,A,"Capital and demand can leave quickly, and a narrow export base transmits world prices into local income. Those are costs to set against the gains from trade and FDI.",1,,,"Original classroom item aligned to CAPE Economics syllabus CXC A20/U2/26 (effective for examinations from May–June 2027). Not a CXC past-paper or specimen item. Figures, where used, are fictional."
CE-477,2,Macroeconomics,3,"Growth, Sustainable Development and Global Relations",International Trade,2.3.2,Medium,knowledge,mcq,A non-reciprocal trade preference means,one partner gives easier access and does not require the same concession in return,a customs union with a common external tariff,a ban on trade,both partners cut every tariff to zero,A,Reciprocal agreements exchange concessions. A one-way preference does not require the beneficiary to liberalise in return.,1,,,"Original classroom item aligned to CAPE Economics syllabus CXC A20/U2/26 (effective for examinations from May–June 2027). Not a CXC past-paper or specimen item. Figures, where used, are fictional."
CE-478,2,Macroeconomics,3,"Growth, Sustainable Development and Global Relations",International Trade,2.3.2,Easy,knowledge,mcq,A tariff is,a payment to domestic producers,a ban on all trade,a tax on imports,"a limit on the number of units imported, with no tax",C,A tariff raises the domestic price of the import and raises revenue. A quota limits quantity. A subsidy pays domestic producers. An embargo bans trade.,1,,,"Original classroom item aligned to CAPE Economics syllabus CXC A20/U2/26 (effective for examinations from May–June 2027). Not a CXC past-paper or specimen item. Figures, where used, are fictional."
CE-479,2,Macroeconomics,3,"Growth, Sustainable Development and Global Relations",International Trade,2.3.2,Medium,knowledge,mcq,"Comparative advantage, rather than absolute advantage, is the basis for gains from trade because",a country must be absolutely more productive in every good before it can export,opportunity cost is irrelevant,trade only helps the country that is larger in every industry,"a country gains by specialising in the good with the lower opportunity cost, even if it is less productive in both goods",D,Absolute advantage compares output per worker. Comparative advantage compares opportunity cost. Trade can benefit both sides when those opportunity costs differ.,1,,,"Original classroom item aligned to CAPE Economics syllabus CXC A20/U2/26 (effective for examinations from May–June 2027). Not a CXC past-paper or specimen item. Figures, where used, are fictional."
CE-480,2,Macroeconomics,3,"Growth, Sustainable Development and Global Relations",International Trade,2.3.2,Medium,knowledge,mcq,Free trade can let a country consume,"at a point that violates opportunity cost inside the trading partner as well, by definition","only inside its production possibility frontier, with no exception",only one good,beyond its production possibility frontier,D,Specialisation moves production to the frontier. Trade then allows a consumption bundle outside the frontier that would be impossible in isolation.,1,,,"Original classroom item aligned to CAPE Economics syllabus CXC A20/U2/26 (effective for examinations from May–June 2027). Not a CXC past-paper or specimen item. Figures, where used, are fictional."
CE-481,2,Macroeconomics,3,"Growth, Sustainable Development and Global Relations",International Trade,2.3.2,Easy,knowledge,mcq,International trade is,government spending on transfers,the same thing as the national debt,trade that takes place only inside one parish,the exchange of goods and services across national borders,D,Trade between residents of different countries is international trade. It is recorded in the balance of payments.,1,,,"Original classroom item aligned to CAPE Economics syllabus CXC A20/U2/26 (effective for examinations from May–June 2027). Not a CXC past-paper or specimen item. Figures, where used, are fictional."
CE-482,2,Macroeconomics,3,"Growth, Sustainable Development and Global Relations",International Trade,2.3.2,Medium,knowledge,mcq,The infant-industry argument for protection says that,protection should last forever even if the industry never becomes efficient,tariffs lower the price paid by consumers,all industries are infants,temporary protection may let a new industry gain scale and skill until it can compete,D,"The argument is for temporary help. A risk is that the industry never grows up and the tariff stays, so consumers keep paying higher prices.",1,,,"Original classroom item aligned to CAPE Economics syllabus CXC A20/U2/26 (effective for examinations from May–June 2027). Not a CXC past-paper or specimen item. Figures, where used, are fictional."
CE-483,2,Macroeconomics,3,"Growth, Sustainable Development and Global Relations",International Trade,2.3.2,Medium,application,mcq,A terms-of-trade index rises from 90 to 110. The commodity terms of trade have,worsened,"fallen, because a higher index means imports are cheaper to sell",improved,become a measure of the volume of exports,C,"The index is export prices relative to import prices. A rise means a given amount of exports buys more imports. That is an improvement, though the cause still has to be interpreted.",1,,,"Original classroom item aligned to CAPE Economics syllabus CXC A20/U2/26 (effective for examinations from May–June 2027). Not a CXC past-paper or specimen item. Figures, where used, are fictional."
CE-484,2,Macroeconomics,3,"Growth, Sustainable Development and Global Relations",International Trade,2.3.2,Hard,application,mcq,An improvement in the terms of trade caused only by a collapse in export volume and a scarcity premium on the remaining exports,is the same thing as a rise in export volume,cannot occur if the index is defined as export prices over import prices,always raises real income in proportion to the index,need not mean the country is better off,D,"The commodity terms of trade look only at prices. If fewer goods are exported, the higher price may not compensate for the lost volume.",1,,,"Original classroom item aligned to CAPE Economics syllabus CXC A20/U2/26 (effective for examinations from May–June 2027). Not a CXC past-paper or specimen item. Figures, where used, are fictional."
CE-485,2,Macroeconomics,3,"Growth, Sustainable Development and Global Relations",International Trade,2.3.2,Medium,application,mcq,"Compared with a tariff, an import quota",always gives the government the same revenue as a tariff of equal protective effect,lowers the domestic price,does not automatically give revenue to the government unless the licences are sold,is a subsidy,C,The gap between the world price and the domestic price under a quota can become profit for whoever holds the licences. A tariff collects that gap as tax.,1,,,"Original classroom item aligned to CAPE Economics syllabus CXC A20/U2/26 (effective for examinations from May–June 2027). Not a CXC past-paper or specimen item. Figures, where used, are fictional."
CE-486,2,Macroeconomics,3,"Growth, Sustainable Development and Global Relations",International Trade,2.3.2,Easy,application,mcq,Dumping is,specialisation according to comparative advantage,a rise in the terms of trade,the same as free trade,selling exports below the cost of production or below the home price,D,"Countries sometimes protect against dumped imports. Proving dumping, and whether it harms the importing country, is a separate policy argument.",1,,,"Original classroom item aligned to CAPE Economics syllabus CXC A20/U2/26 (effective for examinations from May–June 2027). Not a CXC past-paper or specimen item. Figures, where used, are fictional."
CE-487,2,Macroeconomics,3,"Growth, Sustainable Development and Global Relations",International Trade,2.3.2,Medium,calculation,mcq,"For Golden Vale, the export price index is 200 and the import price index is 160. The commodity terms of trade, (export price index / import price index) × 100, equal",80,125,140,180,B,"Terms of trade = 200/160 × 100 = 125. An index above 100 means export prices are higher relative to import prices than in the base year, when the index was 100.",1,125,index,"Original classroom item aligned to CAPE Economics syllabus CXC A20/U2/26 (effective for examinations from May–June 2027). Not a CXC past-paper or specimen item. Figures, where used, are fictional."
CE-488,2,Macroeconomics,3,"Growth, Sustainable Development and Global Relations",International Trade,2.3.2,Medium,calculation,mcq,"For Harbour Cay, the export price index is 90 and the import price index is 75. The commodity terms of trade, (export price index / import price index) × 100, equal",82.5,120,115,83.33,B,"Terms of trade = 90/75 × 100 = 120. An index above 100 means export prices are higher relative to import prices than in the base year, when the index was 100.",1,120,index,"Original classroom item aligned to CAPE Economics syllabus CXC A20/U2/26 (effective for examinations from May–June 2027). Not a CXC past-paper or specimen item. Figures, where used, are fictional."
CE-489,2,Macroeconomics,3,"Growth, Sustainable Development and Global Relations",International Trade,2.3.2,Medium,calculation,mcq,"For Maren Island, the export price index is 150 and the import price index is 120. The commodity terms of trade, (export price index / import price index) × 100, equal",130,125,80,135,B,"Terms of trade = 150/120 × 100 = 125. An index above 100 means export prices are higher relative to import prices than in the base year, when the index was 100.",1,125,index,"Original classroom item aligned to CAPE Economics syllabus CXC A20/U2/26 (effective for examinations from May–June 2027). Not a CXC past-paper or specimen item. Figures, where used, are fictional."
CE-490,2,Macroeconomics,3,"Growth, Sustainable Development and Global Relations",International Trade,2.3.2,Medium,calculation,mcq,"For Northbank, the export price index is 130 and the import price index is 130. The commodity terms of trade, (export price index / import price index) × 100, equal",100,2,130,1,A,"Terms of trade = 130/130 × 100 = 100. An index of 100 means export and import price indexes are equal, the same relationship as the base year.",1,100,index,"Original classroom item aligned to CAPE Economics syllabus CXC A20/U2/26 (effective for examinations from May–June 2027). Not a CXC past-paper or specimen item. Figures, where used, are fictional."
CE-491,2,Macroeconomics,3,"Growth, Sustainable Development and Global Relations",International Trade,2.3.2,Medium,calculation,mcq,"For Petit Havre, the export price index is 105 and the import price index is 100. The commodity terms of trade, (export price index / import price index) × 100, equal",1,95.24,105,102.5,C,"Terms of trade = 105/100 × 100 = 105. An index above 100 means export prices are higher relative to import prices than in the base year, when the index was 100.",1,105,index,"Original classroom item aligned to CAPE Economics syllabus CXC A20/U2/26 (effective for examinations from May–June 2027). Not a CXC past-paper or specimen item. Figures, where used, are fictional."
CE-492,2,Macroeconomics,3,"Growth, Sustainable Development and Global Relations",International Trade,2.3.2,Medium,calculation,mcq,"For Port Clare, the export price index is 80 and the import price index is 100. The commodity terms of trade, (export price index / import price index) × 100, equal",80,1,90,125,A,Terms of trade = 80/100 × 100 = 80. An index below 100 means the terms of trade are worse than in the base year.,1,80,index,"Original classroom item aligned to CAPE Economics syllabus CXC A20/U2/26 (effective for examinations from May–June 2027). Not a CXC past-paper or specimen item. Figures, where used, are fictional."
CE-493,2,Macroeconomics,3,"Growth, Sustainable Development and Global Relations",International Trade,2.3.2,Medium,calculation,mcq,"For St Brice, the export price index is 120 and the import price index is 100. The commodity terms of trade, (export price index / import price index) × 100, equal",1,83.33,120,110,C,"Terms of trade = 120/100 × 100 = 120. An index above 100 means export prices are higher relative to import prices than in the base year, when the index was 100.",1,120,index,"Original classroom item aligned to CAPE Economics syllabus CXC A20/U2/26 (effective for examinations from May–June 2027). Not a CXC past-paper or specimen item. Figures, where used, are fictional."
CE-494,2,Macroeconomics,3,"Growth, Sustainable Development and Global Relations",International Trade,2.3.2,Medium,calculation,mcq,"For Westford, the export price index is 110 and the import price index is 125. The commodity terms of trade, (export price index / import price index) × 100, equal",113.64,88,117.5,85,B,Terms of trade = 110/125 × 100 = 88. An index below 100 means the terms of trade are worse than in the base year.,1,88,index,"Original classroom item aligned to CAPE Economics syllabus CXC A20/U2/26 (effective for examinations from May–June 2027). Not a CXC past-paper or specimen item. Figures, where used, are fictional."
CE-495,2,Macroeconomics,3,"Growth, Sustainable Development and Global Relations",International Trade,2.3.2,Hard,calculation,mcq,Output per worker per day is: Island A produces 8 units of fish or 4 units of yams; Island B produces 6 units of fish or 6 units of yams. Comparative advantage goes to the producer with the lower opportunity cost. Which statement is correct?,Island B has a comparative advantage in fish because it has the higher opportunity cost,Opportunity cost of one unit of fish in Island A is 2 units of yams,"Island A has a comparative advantage in fish because its opportunity cost is 0.5 units of yams, lower than 1",Island A has a comparative advantage in both goods,C,Opportunity cost of one fish is 0.5 yams in Island A and 1 yams in Island B. Island A has the comparative advantage in fish. Island B therefore has the comparative advantage in yams. Absolute advantage in fish belongs to Island A; absolute advantage in yams belongs to Island B. Comparative advantage does not require an absolute advantage.,1,0.5,units of yams per unit of fish,"Original classroom item aligned to CAPE Economics syllabus CXC A20/U2/26 (effective for examinations from May–June 2027). Not a CXC past-paper or specimen item. Figures, where used, are fictional."
CE-496,2,Macroeconomics,3,"Growth, Sustainable Development and Global Relations",International Trade,2.3.2,Hard,calculation,mcq,Output per worker per day is: North Cay produces 10 units of cloth or 5 units of rum; South Cay produces 4 units of cloth or 4 units of rum. Comparative advantage goes to the producer with the lower opportunity cost. Which statement is correct?,South Cay has a comparative advantage in cloth because it has the higher opportunity cost,Opportunity cost of one unit of cloth in North Cay is 2 units of rum,North Cay has a comparative advantage in both goods,"North Cay has a comparative advantage in cloth because its opportunity cost is 0.5 units of rum, lower than 1",D,Opportunity cost of one cloth is 0.5 rum in North Cay and 1 rum in South Cay. North Cay has the comparative advantage in cloth. South Cay therefore has the comparative advantage in rum. Absolute advantage in cloth belongs to North Cay; absolute advantage in rum belongs to North Cay. Comparative advantage does not require an absolute advantage.,1,0.5,units of rum per unit of cloth,"Original classroom item aligned to CAPE Economics syllabus CXC A20/U2/26 (effective for examinations from May–June 2027). Not a CXC past-paper or specimen item. Figures, where used, are fictional."
CE-497,2,Macroeconomics,3,"Growth, Sustainable Development and Global Relations",International Trade,2.3.2,Medium,calculation,mcq,"Using the same output figures (Bellecombe: 9 cocoa or 3 bananas; Rio Luma: 5 cocoa or 5 bananas), absolute advantage in cocoa is held by",Bellecombe,Rio Luma,neither island,both islands,A,"Absolute advantage compares output per worker, not opportunity cost. Bellecombe produces 9 cocoa and Rio Luma produces 5, so absolute advantage in cocoa is held by Bellecombe.",1,9,units of cocoa per worker,"Original classroom item aligned to CAPE Economics syllabus CXC A20/U2/26 (effective for examinations from May–June 2027). Not a CXC past-paper or specimen item. Figures, where used, are fictional."
CE-498,2,Macroeconomics,3,"Growth, Sustainable Development and Global Relations",International Trade,2.3.2,Medium,calculation,mcq,"Using the same output figures (Island A: 8 fish or 4 yams; Island B: 6 fish or 6 yams), absolute advantage in fish is held by",neither island,Island A,Island B,both islands,B,"Absolute advantage compares output per worker, not opportunity cost. Island A produces 8 fish and Island B produces 6, so absolute advantage in fish is held by Island A.",1,8,units of fish per worker,"Original classroom item aligned to CAPE Economics syllabus CXC A20/U2/26 (effective for examinations from May–June 2027). Not a CXC past-paper or specimen item. Figures, where used, are fictional."
CE-499,2,Macroeconomics,3,"Growth, Sustainable Development and Global Relations",International Trade,2.3.2,Medium,calculation,mcq,"Using the same output figures (North Cay: 10 cloth or 5 rum; South Cay: 4 cloth or 4 rum), absolute advantage in cloth is held by",North Cay,both islands,neither island,South Cay,A,"Absolute advantage compares output per worker, not opportunity cost. North Cay produces 10 cloth and South Cay produces 4, so absolute advantage in cloth is held by North Cay.",1,10,units of cloth per worker,"Original classroom item aligned to CAPE Economics syllabus CXC A20/U2/26 (effective for examinations from May–June 2027). Not a CXC past-paper or specimen item. Figures, where used, are fictional."
CE-500,2,Macroeconomics,3,"Growth, Sustainable Development and Global Relations",International Trade,2.3.2,Medium,calculation,mcq,"Using the same output figures (Port Elena: 12 fish or 6 yams; Fortuna: 6 fish or 4 yams), absolute advantage in fish is held by",neither island,both islands,Port Elena,Fortuna,C,"Absolute advantage compares output per worker, not opportunity cost. Port Elena produces 12 fish and Fortuna produces 6, so absolute advantage in fish is held by Port Elena.",1,12,units of fish per worker,"Original classroom item aligned to CAPE Economics syllabus CXC A20/U2/26 (effective for examinations from May–June 2027). Not a CXC past-paper or specimen item. Figures, where used, are fictional."
